region,tenure,age,marital,address,income,ed,employ,retire,gender,reside,tollfree,equip,callcard,wireless,longmon,tollmon,equipmon,cardmon,wiremon,longten,tollten,equipten,cardten,wireten,multline,voice,pager,internet,callid,callwait,forward,confer,ebill,loglong,logtoll,logequi,logcard,logwire,lninc,custcat,churn
3,11,33,1,7,136,5,5,0,0,6,1,0,1,1,4.4,20.75,0,15.25,35.7,42,211.45,0,125,380.35,0,1,1,0,1,1,1,1,0,1.48160454092422,3.03254624667671, ,2.72457950305342,3.57515068878559,4.91265488573605,4,1
2,33,33,0,12,33,2,0,0,1,1,0,0,0,0,9.45,0,0,0,0,288.8,0,0,0,0,0,0,0,0,0,0,0,0,0,2.24601474150565, , , , ,3.49650756146648,1,1
2,41,39,0,17,78,2,16,0,1,1,1,0,1,0,11.8,19.25,0,13.5,0,487.4,798.4,0,570,0,0,0,0,0,1,1,0,0,0,2.46809953147162,2.95751106073379, ,2.60268968544438, ,4.35670882668959,3,0
2,38,35,0,5,76,2,10,0,0,3,1,1,1,1,6.05,45,50.1,23.25,64.9,239.55,1873.05,1820.9,880,2256.7,1,1,1,1,1,1,1,1,1,1.80005827204275,3.80666248977032,3.91402100809082,3.14630513203337,4.17284762371004,4.33073334028633,4,0
1,68,41,1,21,72,1,22,0,0,3,0,0,1,0,24.15,0,0,16.5,0,1659.7,0,0,1155,0,1,0,0,0,0,0,0,0,0,3.18428438009858, , ,2.80336038090653, ,4.27666611901606,2,0
3,7,35,0,14,80,2,15,0,1,1,1,0,1,0,7.1,22,0,23.75,0,47.45,166.1,0,145,0,0,1,0,0,1,1,1,1,0,1.96009478404727,3.09104245335832, ,3.16758253048065, ,4.38202663467388,3,0
2,57,54,1,30,115,4,23,0,1,3,1,1,0,1,15.6,46.25,46.7,0,61.05,825.35,2624.25,2590.95,0,3348.85,1,1,1,1,1,1,1,1,1,2.74727091425549,3.83406146395843,3.84374416467485, ,4.11169320055671,4.74493212836325,4,1
1,29,38,1,12,75,5,1,0,0,4,0,1,1,0,5.1,0,30.25,11.25,0,146.25,0,780.8,295,0,1,0,0,1,0,0,0,0,0,1.62924053973028, ,3.40949618447685,2.42036812865043, ,4.31748811353631,2,0
3,34,48,0,3,49,2,6,0,1,3,1,0,0,0,6.65,18.5,0,0,0,230.8,614.3,0,0,0,0,0,0,0,0,1,1,1,0,1.89461685466776,2.91777073208428, , , ,3.89182029811063,3,0
1,26,29,1,3,77,4,2,0,0,4,0,1,1,1,6.7,0,48.1,24.25,38.3,140.95,0,1132.8,610,910.1,1,1,0,1,1,1,1,1,1,1.90210752639692, ,3.87328217711172,3.18841661738349,3.6454498961866,4.34380542185368,4,1
1,68,52,1,17,120,1,24,0,0,2,0,0,1,0,20.7,0,0,22,0,1391.05,0,0,1505,0,0,0,0,0,0,0,1,0,0,3.03013370027132, , ,3.09104245335832, ,4.78749174278205,1,0
3,55,48,1,19,67,1,25,0,0,3,0,0,1,0,15.05,0,0,27.25,0,810.45,0,0,1390,0,0,0,0,0,0,0,0,0,0,2.71137799119489, , ,3.30505352110925, ,4.20469261939097,1,0
2,1,21,0,0,33,2,0,0,1,3,1,0,1,0,2.2,20.75,0,40.5,0,2.2,20.75,0,40.5,0,0,0,0,0,0,1,1,1,0,.78845736036427,3.03254624667671, ,3.70130197411249, ,3.49650756146648,3,0
3,25,33,1,11,31,1,5,0,0,4,0,0,0,0,9.1,0,0,0,0,234.95,0,0,0,0,1,0,0,0,1,0,1,0,0,2.2082744135228, , , , ,3.43398720448515,3,0
2,13,33,1,9,19,4,0,0,1,2,0,1,0,0,5.55,0,27.35,0,0,75.25,0,330.65,0,0,1,0,0,1,0,0,0,1,1,1.71379792775834, ,3.30871652886799, , ,2.94443897916644,2,0
1,71,53,1,27,155,5,12,0,0,2,1,0,1,1,21,56,0,34,49.95,1519.2,4064.3,0,2345,3646.9,1,1,0,1,0,0,1,1,1,3.04452243772342,4.02535169073515, ,3.52636052461616,3.91102250509456,5.04342511691925,4,0
1,11,27,1,8,55,5,0,0,0,3,0,1,0,0,4.8,0,19.55,0,0,54.1,0,220.4,0,0,1,0,0,1,0,0,0,0,0,1.56861591791385, ,2.97297528643138, , ,4.00733318523247,2,0
3,20,35,1,11,52,4,0,0,0,2,0,1,0,0,4.25,0,30.55,0,0,82.7,0,547.15,0,0,1,0,0,1,0,0,0,0,1,1.44691898293633, ,3.4193646856176, , ,3.95124371858143,2,1
1,44,57,1,1,186,2,17,0,0,2,1,0,1,1,9.8,33.5,0,36,41.65,428.25,1379.55,0,1535,1826.7,1,1,0,0,1,1,1,1,0,2.28238238567653,3.51154543883102, ,3.58351893845611,3.72930136861285,5.2257466737132,3,0
2,72,57,0,34,22,2,35,1,1,1,1,0,1,0,41.75,49,0,18.75,0,3043.05,3581,0,1360,0,1,0,0,0,1,1,1,1,0,3.73169945129686,3.89182029811063, ,2.93119375241642, ,3.09104245335832,3,0
2,15,28,0,0,29,2,4,0,1,1,1,0,1,0,4.25,30,0,17.75,0,78,426.05,0,255,0,0,0,0,0,1,1,1,1,0,1.44691898293633,3.40119738166216, ,2.87638551592142, ,3.36729582998647,3,0
1,9,36,1,14,62,4,10,0,0,6,0,1,0,1,5.65,0,46.75,0,48.5,43.3,0,386.6,0,364.85,1,1,1,1,0,0,0,1,1,1.73165554515835, ,3.8448142557347, ,3.88156379794344,4.12713438504509,4,1
1,65,41,1,3,74,4,16,0,0,2,0,1,1,0,14.5,0,37,17,0,963.3,0,2263.05,1065,0,1,1,0,1,0,0,0,0,1,2.67414864942653, ,3.61091791264422,2.83321334405622, ,4.30406509320417,2,0
3,47,41,1,0,36,4,8,0,0,2,0,1,1,1,7.75,0,37.45,18.5,38.8,361,0,1717.75,845,1730.4,1,0,1,1,0,1,0,1,1,2.04769284336526, ,3.62300670996323,2.91777073208428,3.65842024662923,3.58351893845611,4,1
1,5,36,0,14,29,2,9,0,1,1,1,0,1,1,3.25,31.5,0,15.5,26.75,16.8,154.65,0,60,98.6,0,0,0,1,1,1,1,1,1,1.17865499634165,3.44998754583159, ,2.7408400239252,3.28653447334202,3.36729582998647,3,1
1,56,52,1,28,49,2,12,0,0,4,0,0,1,0,24.75,0,0,22.25,0,1349.05,0,0,1215,0,1,0,0,0,0,0,0,0,0,3.2088254890147, , ,3.10234200861225, ,3.89182029811063,2,0
1,7,26,1,3,26,2,2,0,0,5,1,0,0,0,4.85,15.5,0,0,0,33.7,136.55,0,0,0,0,0,0,0,0,1,0,0,0,1.57897870494939,2.7408400239252, , , ,3.25809653802148,1,0
2,36,45,1,1,94,2,18,0,1,5,1,1,0,0,7.2,15.75,28.35,0,0,258.75,553.8,1043.8,0,0,0,0,1,1,1,0,0,1,0,1.97408102602201,2.75684036527164,3.34462703017376, , ,4.54329478227,1,1
1,58,62,1,36,27,1,0,0,0,2,0,0,1,0,15.5,0,0,34.5,0,967.1,0,0,1910,0,0,0,0,0,0,0,0,0,0,2.7408400239252, , ,3.54095932403731, ,3.29583686600433,1,0
2,47,40,1,16,127,4,12,0,1,4,0,1,1,0,19.7,0,28.15,14.75,0,909.9,0,1319.7,680,0,1,0,0,1,0,0,0,0,1,2.98061863574394, ,3.3375473545857,2.69124308278583, ,4.84418708645859,2,0
2,56,50,1,1,80,2,24,0,1,4,1,0,1,1,28.8,55.5,0,21.25,61.1,1558.1,3119.45,0,1065,3268.05,1,1,1,0,1,1,1,1,0,3.3603753871419,4.01638302075239, ,3.05635689537043,4.11251186617755,4.38202663467388,4,0
2,69,51,1,11,438,4,23,0,1,2,0,1,1,0,29,0,47.05,24.75,0,1815.4,0,3064.15,1655,0,1,0,1,1,1,0,0,1,0,3.36729582998647, ,3.85121086603139,3.2088254890147, ,6.08221891037645,4,0
3,36,47,1,16,63,1,23,0,0,2,0,0,1,0,9.05,0,0,6.75,0,373.65,0,0,220,0,0,0,0,0,0,0,0,0,0,2.20276475771183, , ,1.90954250488444, ,4.14313472639153,1,0
1,72,67,1,44,51,1,34,1,0,2,1,0,1,0,57.05,51.5,0,19.25,0,4168.25,3657.9,0,1345,0,1,0,0,0,1,1,1,1,0,4.04392807630808,3.94158180766969, ,2.95751106073379, ,3.93182563272433,3,0
3,3,43,0,19,61,4,11,0,1,1,0,1,1,1,3.15,0,27.25,16.25,17.95,7.9,0,53.25,20,38.2,0,0,0,1,1,0,0,1,1,1.14740245283754, ,3.30505352110925,2.78809290877575,2.88759011493429,4.11087386417331,1,1
3,16,39,0,6,44,4,3,0,1,1,0,1,0,0,6.6,0,23.3,0,0,96.3,0,350.15,0,0,1,0,0,1,0,0,0,0,1,1.88706964903238, ,3.14845336057165, , ,3.78418963391826,2,0
2,48,43,0,13,110,5,15,0,1,3,0,1,0,1,7.25,0,33.5,0,20.65,359.35,0,1572.7,0,1010.4,1,1,0,1,0,0,0,0,1,1.98100146886658, ,3.51154543883102, ,3.02771531940704,4.70048036579242,2,0
1,8,46,0,3,46,2,8,0,0,1,0,1,0,0,3.15,0,25.05,0,0,16.65,0,172.05,0,0,0,0,1,1,0,0,0,0,1,1.14740245283754, ,3.22087382753087, , ,3.8286413964891,1,0
2,38,71,0,27,10,2,12,1,0,1,0,0,0,0,11.2,0,0,0,0,429.85,0,0,0,0,0,0,0,0,0,0,0,1,0,2.41591377830105, , , , ,2.30258509299405,1,0
1,26,42,0,0,80,4,15,0,1,1,1,1,1,1,7.85,44,49.6,10.5,43.75,196.65,1123.25,1159.35,250,1176.55,1,1,1,1,1,1,1,1,1,2.06051353179432,3.78418963391826,3.90399083373088,2.35137525716348,3.77849161280362,4.38202663467388,4,0
2,2,31,0,2,21,1,6,0,0,1,0,1,0,0,1.65,0,21.6,0,0,3.2,0,17.25,0,0,0,0,0,0,0,0,0,1,0,.500775287912489, ,3.07269331469012, , ,3.04452243772342,1,1
2,31,53,0,2,351,3,31,0,1,1,1,0,1,0,5.5,31.5,0,19.25,0,185.3,1009.9,0,585,0,0,0,1,0,1,1,1,1,0,1.70474809223843,3.44998754583159, ,2.95751106073379, ,5.86078622346587,3,0
2,33,27,1,7,46,2,7,0,0,4,0,1,0,0,7.25,0,29.15,0,0,243.35,0,923.85,0,0,0,0,0,0,0,0,0,0,1,1.98100146886658, ,3.3724549127965, , ,3.8286413964891,1,0
2,62,54,1,2,50,4,3,0,0,2,0,1,1,1,17.25,0,48,87.5,33.25,1067.8,0,2864.15,5455,2022.55,1,1,1,1,1,0,1,0,1,2.84781214347737, ,3.87120101090789,4.47163879336357,3.50405476710186,3.91202300542815,4,1
1,42,47,1,17,212,4,17,0,0,2,1,0,1,0,7.45,26.75,0,24.75,0,320.9,1163.55,0,1035,0,0,0,0,0,1,1,1,0,0,2.00821403239147,3.28653447334202, ,3.2088254890147, ,5.35658627467201,3,0
2,38,42,0,1,30,4,7,0,1,1,1,0,0,0,13.2,27.5,0,0,0,495.85,1087.9,0,0,0,0,0,0,0,0,1,0,0,0,2.58021682959233,3.31418600467253, , , ,3.40119738166216,1,0
3,35,33,0,9,73,5,4,0,1,1,1,0,1,1,5.85,38.25,0,22.25,40.35,216.6,1337.6,0,700,1423.8,1,1,1,1,1,1,1,1,1,1.76644166124377,3.64414356027254, ,3.10234200861225,3.69759139471596,4.29045944114839,4,0
2,17,33,0,9,23,5,3,0,0,1,0,1,1,1,10.2,0,36.4,14.5,30.9,196.3,0,570.9,220,529.25,1,1,0,1,1,1,0,0,1,2.32238772029023, ,3.5945687746427,2.67414864942653,3.4307561839037,3.13549421592915,4,1
3,43,36,1,5,107,1,19,0,1,3,1,0,1,0,11.55,12.75,0,21.5,0,491.55,583.75,0,910,0,1,0,0,0,0,0,0,0,0,2.4466854369678,2.54553127160444, ,3.06805293513362, ,4.67282883446191,2,1
3,65,58,0,30,83,2,16,0,1,1,0,0,1,0,19.3,0,0,22.75,0,1323.2,0,0,1370,0,1,0,0,0,0,1,0,0,0,2.96010509591084, , ,3.12456514539696, ,4.4188406077966,2,0
3,64,25,1,4,76,3,2,0,1,6,0,1,1,0,24.05,0,35.4,21.25,0,1536.55,0,2288.45,1400,0,1,0,0,0,1,0,1,1,1,3.18013499655177, ,3.56671182013973,3.05635689537043, ,4.33073334028633,3,0
1,29,32,1,0,49,4,3,0,1,3,0,1,0,0,6.7,0,33,0,0,187,0,918.25,0,0,1,0,1,1,0,0,0,0,1,1.90210752639692, ,3.49650756146648, , ,3.89182029811063,2,1
2,14,35,0,4,47,3,10,0,1,1,1,0,0,1,5,21.75,0,0,24.15,76.2,318.2,0,0,274,1,0,0,0,0,0,1,1,1,1.6094379124341,3.07961375753469, , ,3.18428438009858,3.85014760171006,2,1
3,26,39,0,8,105,3,13,0,1,1,1,0,1,1,6.6,39.75,0,37.25,38.25,159.7,1022.45,0,1005,885.1,1,1,1,0,1,1,1,1,1,1.88706964903238,3.68260984110034, ,3.61765194482557,3.64414356027254,4.65396035015752,4,0
2,69,40,1,13,41,2,17,0,0,3,0,0,1,0,25.25,0,0,33,0,1725.1,0,0,2320,0,1,0,0,0,0,0,0,0,0,3.22882615572137, , ,3.49650756146648, ,3.71357206670431,2,0
2,45,22,1,2,36,4,0,0,1,5,1,1,0,0,9.95,14.75,26.15,0,0,412.1,663.1,1180.5,0,0,1,0,0,0,0,0,0,0,0,2.2975725511705,2.69124308278583,3.26384919051093, , ,3.58351893845611,2,1
2,53,22,0,1,25,4,0,0,0,2,0,1,1,0,12.05,0,27.15,6.5,0,666,0,1469.25,335,0,1,0,0,1,0,0,0,0,1,2.48906465993666, ,3.30137704637994,1.87180217690159, ,3.2188758248682,2,0
1,13,34,0,11,20,3,0,0,1,1,0,0,0,0,4.8,0,0,0,0,71.05,0,0,0,0,0,0,0,1,0,0,0,0,0,1.56861591791385, , , , ,2.99573227355399,1,0
1,40,29,1,6,40,2,8,0,1,5,0,0,0,0,13,0,0,0,0,502.95,0,0,0,0,0,0,0,0,0,1,1,1,0,2.56494935746154, , , , ,3.68887945411394,3,0
3,3,31,0,1,28,1,0,0,0,1,1,1,1,0,3.45,15.5,23.3,23.5,0,13.3,48.75,62.95,45,0,0,0,0,1,0,0,1,0,0,1.23837423104327,2.7408400239252,3.14845336057165,3.15700042115011, ,3.3322045101752,1,1
3,33,41,0,15,37,2,11,0,0,1,0,0,0,0,12.2,0,0,0,0,415.05,0,0,0,0,0,0,0,0,0,0,0,0,0,2.50143595173921, , , , ,3.61091791264422,1,0
1,17,42,1,6,131,5,6,0,0,3,0,1,0,1,5.8,0,35.35,0,21.65,103.1,0,527.8,0,331.4,1,0,0,1,0,0,0,0,1,1.75785791755237, ,3.56529839234258, ,3.0750054544485,4.87519732320115,2,1
2,58,36,0,10,38,2,14,0,1,1,0,0,1,0,10.15,0,0,17.75,0,538.65,0,0,1030,0,1,0,0,0,0,0,0,0,0,2.3174737054878, , ,2.87638551592142, ,3.63758615972639,2,0
2,29,31,1,1,60,4,6,0,0,5,0,1,0,0,9.6,0,26.75,0,0,243.9,0,730.8,0,0,1,0,0,1,0,0,0,0,1,2.26176309847379, ,3.28653447334202, , ,4.0943445622221,2,1
2,70,64,1,18,98,1,31,0,1,2,1,0,1,1,26.15,84,0,11.25,45.45,1805.1,5850.25,0,720,3243.25,1,1,1,0,1,1,1,1,0,3.26384919051093,4.43081679884331, ,2.42036812865043,3.81661282062349,4.58496747867057,4,0
2,7,35,1,0,47,1,14,0,0,5,0,0,0,0,5.2,0,0,0,0,46.9,0,0,0,0,0,0,0,0,0,0,0,0,0,1.64865862558738, , , , ,3.85014760171006,1,1
1,50,50,1,22,150,5,5,0,1,4,0,1,1,0,19.3,0,33.4,50.75,0,930.8,0,1719.4,2585,0,1,1,0,1,0,0,1,0,1,2.96010509591084, ,3.50855589998265,3.9269116179219, ,5.01063529409626,2,1
3,2,40,0,19,51,4,14,0,1,1,0,0,0,0,4.25,0,0,0,0,6.8,0,0,0,0,0,1,0,1,0,0,0,0,1,1.44691898293633, , , , ,3.93182563272433,1,0
2,6,43,0,4,33,5,7,0,0,2,0,0,1,1,4.25,0,0,16.25,26.75,30,0,0,85,146.55,1,0,1,0,1,1,1,1,0,1.44691898293633, , ,2.78809290877575,3.28653447334202,3.49650756146648,3,0
3,11,32,0,6,125,4,5,0,0,1,1,1,1,1,3.8,19.25,61.45,19,58.25,31.75,233.4,578.6,200,577.7,1,1,1,1,1,1,1,1,1,1.33500106673234,2.95751106073379,4.11822383601204,2.94443897916644,4.06474409244581,4.8283137373023,4,1
1,42,44,1,2,99,2,21,0,0,3,1,0,1,0,22.05,34.75,0,9.75,0,841.55,1501.55,0,395,0,1,0,0,0,0,1,0,1,0,3.09331260189286,3.5481795720108, ,2.27726728500976, ,4.59511985013459,3,0
2,72,60,1,21,31,1,38,1,0,2,0,0,1,0,32.25,0,0,33.5,0,2349.25,0,0,2385,0,1,0,0,0,0,0,0,0,0,3.47351804324178, , ,3.51154543883102, ,3.43398720448515,2,0
3,46,25,0,5,57,5,0,0,1,2,1,1,1,1,20.25,21.25,39.4,9.75,28.35,923.95,968.95,1748.55,445,1246.45,0,0,0,1,0,0,1,1,1,3.00815479355255,3.05635689537043,3.67376581630389,2.27726728500976,3.34462703017376,4.04305126783455,1,0
3,24,25,1,1,20,3,1,0,1,2,0,1,0,0,8.15,0,27.95,0,0,209.35,0,615.8,0,0,1,0,0,1,1,0,1,0,0,2.09801792725277, ,3.33041719960111, , ,2.99573227355399,2,1
1,65,37,0,8,56,2,15,0,0,1,0,0,1,0,10.25,0,0,10.75,0,681.95,0,0,655,0,1,0,0,0,0,0,0,0,0,2.32727770558442, , ,2.37490575457367, ,4.02535169073515,2,0
1,57,37,0,11,108,4,9,0,1,1,1,1,1,0,21.8,27.25,42,8,0,1292,1492.1,2394.75,425,0,1,0,0,1,1,1,0,1,0,3.08190996979504,3.30505352110925,3.73766961828337,2.07944154167984, ,4.68213122712422,3,0
3,34,54,0,31,53,4,22,0,0,1,1,1,1,1,8.1,18,45.6,56.5,66.9,225.4,588.4,1463.8,1880,2304.8,1,1,1,1,0,0,1,0,1,2.09186406167839,2.89037175789616,3.81990771652034,4.0342406381524,4.20319896713418,3.97029191355212,4,0
1,3,24,1,2,20,2,3,0,1,5,1,0,1,0,3.35,22.5,0,9.25,0,7.55,49.55,0,15,0,0,1,0,1,1,1,0,1,0,1.20896034583698,3.11351530921037, ,2.22462355152433, ,2.99573227355399,3,0
2,15,35,0,0,34,1,12,0,0,1,0,0,0,0,3.95,0,0,0,0,47.95,0,0,0,0,0,0,0,0,0,0,0,0,0,1.37371557891303, , , , ,3.52636052461616,1,0
3,21,44,0,25,47,1,12,0,1,2,0,0,1,0,7.05,0,0,14.5,0,182.3,0,0,285,0,0,0,0,0,1,1,1,1,0,1.95302761682418, , ,2.67414864942653, ,3.85014760171006,3,0
2,65,64,1,22,13,2,5,1,1,3,1,0,1,0,14.6,33,0,15.75,0,921.7,1990.2,0,930,0,0,0,0,0,1,1,1,1,0,2.68102152871429,3.49650756146648, ,2.75684036527164, ,2.56494935746154,3,0
3,29,26,0,7,34,1,7,0,1,2,0,0,1,0,6.5,0,0,16,0,198.7,0,0,490,0,0,0,0,0,1,1,0,0,0,1.87180217690159, , ,2.77258872223978, ,3.52636052461616,3,0
1,71,45,1,14,86,2,25,0,0,2,0,1,1,0,45.05,0,33,35,0,3235.9,0,2386.45,2495,0,1,0,0,1,0,0,0,0,0,3.80777298405435, ,3.49650756146648,3.55534806148941, ,4.45434729625351,2,0
3,16,34,1,5,51,2,8,0,1,5,0,0,1,0,4.7,0,0,16.5,0,61.5,0,0,260,0,0,0,0,0,0,0,0,0,0,1.54756250871601, , ,2.80336038090653, ,3.93182563272433,1,0
1,59,53,0,21,112,4,16,0,0,1,0,1,0,1,21.1,0,38.55,0,25.3,1236.3,0,2190.1,0,1465.35,1,0,0,1,0,0,0,0,1,3.04927304048202, ,3.65195610000934, ,3.23080439573347,4.71849887129509,2,1
1,18,48,1,20,41,1,2,0,1,2,1,0,1,0,4.35,13,0,8,0,59.15,220.95,0,135,0,0,0,0,0,1,1,0,0,0,1.47017584510059,2.56494935746154, ,2.07944154167984, ,3.71357206670431,1,0
2,7,33,0,4,29,4,4,0,1,3,0,1,0,0,4.65,0,28.35,0,0,35.45,0,166.5,0,0,0,0,0,1,0,0,0,0,1,1.53686721959927, ,3.34462703017376, , ,3.36729582998647,1,1
3,7,24,0,5,29,2,3,0,0,3,1,0,0,0,4.45,13.5,0,0,0,43.7,109.5,0,0,0,0,0,1,1,0,0,0,1,0,1.49290409617815,2.60268968544438, , , ,3.36729582998647,1,1
3,42,22,1,0,46,4,0,0,0,2,1,1,1,1,9.35,20.25,51.35,6,36,311.85,850.65,2099.55,270,1503.65,1,1,1,1,0,1,1,0,0,2.2353763433006,3.00815479355255,3.93866493637457,1.79175946922806,3.58351893845611,3.8286413964891,4,1
1,3,33,0,8,51,4,0,0,1,1,0,1,0,0,2.9,0,19.9,0,0,12.05,0,40.15,0,0,0,0,0,0,0,0,0,0,0,1.06471073699243, ,2.99071973173045, , ,3.93182563272433,1,1
2,9,33,0,1,48,2,13,0,0,2,1,0,1,0,3.15,13.25,0,30.5,0,39.75,110.05,0,275,0,0,0,0,0,1,1,0,0,0,1.14740245283754,2.58399755243223, ,3.41772668361337, ,3.87120101090789,1,0
2,53,63,1,15,43,2,18,0,0,2,0,1,1,0,14.85,0,37,11,0,808.95,0,2012.6,535,0,1,0,0,1,0,0,0,0,1,2.69799986524871, ,3.61091791264422,2.39789527279837, ,3.76120011569356,2,0
3,24,26,0,2,32,3,2,0,0,3,0,0,0,0,4.25,0,0,0,0,97.35,0,0,0,0,0,0,0,0,0,0,0,0,1,1.44691898293633, , , , ,3.46573590279973,1,0
1,25,39,1,1,26,4,0,0,0,4,0,1,1,1,14.45,0,35.95,23,24.75,349.9,0,895.05,515,640.8,1,1,1,1,0,0,0,0,1,2.67069441455844, ,3.58212908416706,3.13549421592915,3.2088254890147,3.25809653802148,2,1
1,33,54,1,18,57,4,4,0,1,3,1,1,0,0,7.5,30.25,33.9,0,0,226.25,1105.75,1108.5,0,0,1,0,0,1,1,1,1,0,0,2.01490302054226,3.40949618447685,3.5234150143864, , ,4.04305126783455,3,1
3,13,33,0,7,38,3,10,0,1,1,1,1,1,1,5.05,18.5,40.8,12.5,28.85,48.6,199.5,480.85,155,318.9,0,1,1,1,0,1,1,1,1,1.61938824328727,2.91777073208428,3.70868208141012,2.52572864430826,3.36210999295411,3.63758615972639,4,0
1,71,39,0,2,40,3,17,0,0,1,1,0,1,0,36.25,27.75,0,38.5,0,2553.7,1916.25,0,2620,0,1,1,0,0,0,1,0,1,0,3.59043938130068,3.32323584019244, ,3.65065824129374, ,3.68887945411394,3,0
1,17,51,1,10,95,2,15,0,1,2,0,0,0,0,7.45,0,0,0,0,132.9,0,0,0,0,0,0,0,0,0,0,0,0,0,2.00821403239147, , , , ,4.55387689160054,1,1
2,65,65,1,27,128,3,24,0,0,2,1,0,1,0,21.2,24,0,14.5,0,1325.05,1483.55,0,940,0,1,0,0,0,1,1,1,1,0,3.05400118167797,3.17805383034795, ,2.67414864942653, ,4.85203026391962,3,0
3,72,66,0,30,460,4,41,0,1,1,0,1,1,0,89.4,0,46.55,18.75,0,6353.9,0,3411.2,1245,0,1,1,1,1,0,0,1,1,0,4.49312068217947, ,3.84052700372308,2.93119375241642, ,6.13122648948314,4,0
1,24,39,0,2,122,4,12,0,0,3,1,0,1,1,4.45,26.25,0,9.75,35.9,98.35,625.95,0,210,844.95,0,0,1,1,1,1,1,1,0,1.49290409617815,3.26766598903763, ,2.27726728500976,3.58073729549423,4.80402104473326,4,0
2,63,63,1,19,191,3,27,0,0,2,0,0,1,0,12.7,0,0,7,0,782.45,0,0,435,0,1,0,0,0,0,0,0,0,0,2.54160199346455, , ,1.94591014905531, ,5.25227342804663,2,0
2,29,37,1,9,119,3,12,0,0,3,0,0,0,0,4.6,0,0,0,0,138.7,0,0,0,0,0,0,0,0,0,0,0,0,0,1.52605630349505, , , , ,4.77912349311153,1,0
1,10,27,1,2,15,3,2,0,1,2,1,1,1,1,7.5,12.75,48.65,7.5,39.5,66.45,154.9,442.15,60,377.35,1,1,1,1,1,1,1,1,1,2.01490302054226,2.54553127160444,3.88465180863201,2.01490302054226,3.67630067190708,2.70805020110221,4,1
3,52,23,1,4,33,4,0,0,1,2,1,0,1,0,13.1,18.25,0,18.75,0,757.8,945.15,0,920,0,1,0,0,0,1,1,1,1,0,2.57261223020711,2.9041650800285, ,2.93119375241642, ,3.49650756146648,3,0
1,3,33,0,6,64,4,0,0,0,2,0,1,0,0,2.15,0,20.75,0,0,6,0,53.1,0,0,0,0,0,0,0,0,0,0,1,.765467842139571, ,3.03254624667671, , ,4.15888308335967,1,1
2,28,29,0,4,23,3,5,0,0,2,0,0,0,0,3.7,0,0,0,0,91.95,0,0,0,0,1,0,0,1,0,0,1,1,1,1.30833281965018, , , , ,3.13549421592915,2,0
2,62,46,0,27,200,3,9,0,1,1,0,0,1,0,26.25,0,0,74,0,1625.35,0,0,4590,0,0,0,0,0,0,0,0,0,0,3.26766598903763, , ,4.30406509320417, ,5.29831736654804,1,0
3,23,25,1,5,19,5,0,0,0,3,1,1,0,0,6.95,25,36.7,0,0,157.1,562.2,829.1,0,0,1,1,0,1,0,1,1,0,1,1.9387416595767,3.2188758248682,3.60277675506052, , ,2.94443897916644,4,1
3,56,60,0,26,70,2,20,0,0,1,0,1,0,1,7.75,0,29.3,0,26.15,397.15,0,1638.2,0,1340.75,0,0,0,0,0,0,0,0,1,2.04769284336526, ,3.37758751602302, ,3.26384919051093,4.24849524204936,1,0
3,3,36,0,7,34,5,3,0,1,3,1,1,0,0,2.7,13,24,0,0,7,35.65,55.9,0,0,1,1,1,0,0,0,1,0,1,.993251773010283,2.56494935746154,3.17805383034795, , ,3.52636052461616,4,0
3,37,53,1,13,48,1,10,0,0,3,1,0,1,0,12.55,23.5,0,10.25,0,439.55,876.05,0,350,0,0,0,0,0,1,1,1,1,0,2.52972066557779,3.15700042115011, ,2.32727770558442, ,3.87120101090789,3,0
1,48,47,0,9,72,3,13,0,0,5,1,0,1,1,15.3,28.5,0,16,32.55,732.35,1352.1,0,790,1559.1,1,1,1,0,1,1,1,1,0,2.72785282839839,3.3499040872746, ,2.77258872223978,3.48277736865458,4.27666611901606,4,1
2,21,29,0,7,40,4,2,0,1,4,1,1,1,1,4.5,17,36.2,19.25,33.4,89.1,386.8,772.3,395,653.9,0,0,0,1,0,1,1,0,0,1.50407739677627,2.83321334405622,3.58905911883173,2.95751106073379,3.50855589998265,3.68887945411394,1,0
2,69,51,0,18,96,1,33,0,0,4,1,0,1,0,33.95,87,0,33.5,0,2338.8,5916,0,2180,0,1,0,0,0,1,1,1,1,0,3.52488885400471,4.46590811865458, ,3.51154543883102, ,4.56434819146784,3,0
1,28,40,1,1,47,2,9,0,1,3,1,0,1,0,8.1,29.5,0,28.5,0,224.25,774.75,0,730,0,0,0,0,0,1,1,1,1,0,2.09186406167839,3.38439026334577, ,3.3499040872746, ,3.85014760171006,3,0
2,7,37,0,5,57,4,1,0,0,1,0,0,0,0,3.8,0,0,0,0,23.9,0,0,0,0,0,0,0,0,0,0,0,1,0,1.33500106673234, , , , ,4.04305126783455,1,0
2,53,57,0,25,37,1,7,0,0,1,0,0,1,0,7.7,0,0,9.25,0,363.95,0,0,465,0,1,0,0,0,0,0,1,0,0,2.04122032885964, , ,2.22462355152433, ,3.61091791264422,2,0
2,39,31,1,6,24,4,2,0,0,2,0,1,1,0,13.9,0,33.3,16.5,0,505.55,0,1213.5,600,0,0,0,1,0,1,1,1,1,1,2.63188884013665, ,3.5055573969864,2.80336038090653, ,3.17805383034795,4,0
3,43,51,1,15,186,3,25,0,0,2,1,0,1,1,18.9,59.75,0,20.25,59.15,856.3,2522.95,0,885,2525.1,1,1,1,0,1,1,1,1,0,2.9391619220656,4.09016919081162, ,3.00815479355255,4.0800765904244,5.2257466737132,4,0
2,72,66,1,43,96,2,16,0,1,2,1,0,1,1,35.15,34.75,0,21.5,50.7,2537.65,2557.75,0,1440,3571.45,1,1,0,0,1,1,1,1,1,3.55962461825667,3.5481795720108, ,3.06805293513362,3.92592591059714,4.56434819146784,4,0
3,43,21,1,1,25,1,4,0,0,4,0,0,0,0,7.6,0,0,0,0,334.45,0,0,0,0,1,0,0,1,0,0,1,1,0,2.02814824729229, , , , ,3.2188758248682,2,1
3,64,45,0,4,38,2,7,0,1,1,1,0,1,0,13.75,22.75,0,10.25,0,918,1447.4,0,610,0,1,1,0,0,1,0,1,1,0,2.62103882411258,3.12456514539696, ,2.32727770558442, ,3.63758615972639,3,1
1,24,26,0,7,55,2,7,0,1,1,0,0,0,0,7.6,0,0,0,0,175.8,0,0,0,0,0,0,0,0,0,1,0,0,0,2.02814824729229, , , , ,4.00733318523247,1,0
2,33,33,1,12,42,4,7,0,1,5,0,1,1,1,8.8,0,30.95,23,23.35,305.75,0,1019.15,730,665.35,1,1,0,0,0,0,0,0,0,2.17475172148416, ,3.4323729991306,3.13549421592915,3.15059698411491,3.73766961828337,2,0
2,42,48,1,22,82,1,21,0,1,5,1,0,1,0,9.3,25,0,17,0,459,1006.9,0,750,0,1,0,0,1,1,1,1,0,1,2.23001440015921,3.2188758248682, ,2.83321334405622, ,4.40671924726425,4,0
1,45,66,0,43,144,2,13,0,1,1,0,0,1,0,7.75,0,0,13,0,338.8,0,0,565,0,1,0,0,1,0,0,0,0,0,2.04769284336526, , ,2.56494935746154, ,4.969813299576,2,0
2,37,53,1,16,35,1,16,0,1,4,0,0,0,0,21.3,0,0,0,0,788.25,0,0,0,0,0,0,0,0,0,1,1,0,0,3.05870707271538, , , , ,3.55534806148941,3,0
3,40,63,1,9,61,1,22,0,0,2,0,0,1,0,10.9,0,0,41,0,470.9,0,0,1635,0,0,0,0,0,0,0,0,0,0,2.3887627892351, , ,3.71357206670431, ,4.11087386417331,1,0
3,7,27,0,5,31,3,4,0,0,5,1,1,0,1,4.15,15,46.05,0,41.85,30.8,96.6,271.75,0,235.55,1,1,1,1,1,1,1,0,1,1.42310833424261,2.70805020110221,3.82972776270132, ,3.73409179693548,3.43398720448515,4,1
2,19,46,0,11,26,2,0,0,1,1,0,0,1,0,6.05,0,0,5,0,121.7,0,0,90,0,0,0,0,1,0,1,0,1,1,1.80005827204275, , ,1.6094379124341, ,3.25809653802148,1,0
3,70,53,1,16,183,2,35,0,1,2,0,0,1,0,32.9,0,0,15,0,2234.9,0,0,1085,0,1,0,0,0,0,0,0,0,0,3.49347265777133, , ,2.70805020110221, ,5.20948615284142,2,0
3,48,45,1,5,42,1,11,0,1,2,0,0,0,0,9.25,0,0,0,0,435.6,0,0,0,0,0,0,0,0,0,1,0,0,0,2.22462355152433, , , , ,3.73766961828337,1,0
2,58,58,1,10,96,2,17,0,0,4,1,0,0,0,12.5,23,0,0,0,710.8,1345.95,0,0,0,1,0,0,0,1,1,0,1,0,2.52572864430826,3.13549421592915, , , ,4.56434819146784,3,0
2,33,33,0,4,53,2,14,0,1,1,0,0,0,0,5.05,0,0,0,0,145.85,0,0,0,0,0,0,0,0,1,0,0,0,0,1.61938824328727, , , , ,3.97029191355212,1,0
1,62,51,0,10,43,4,19,0,0,2,0,1,1,1,27.15,0,42.7,17,41.15,1632.4,0,2583.85,1015,2521.05,1,0,1,1,1,0,0,0,1,3.30137704637994, ,3.75419892023458,2.83321334405622,3.71722392712308,3.76120011569356,2,0
2,48,55,0,31,26,1,1,0,0,1,0,0,0,0,12.15,0,0,0,0,606.1,0,0,0,0,0,0,0,0,0,0,0,0,0,2.49732916978656, , , , ,3.25809653802148,1,0
2,65,33,1,9,49,2,6,0,0,5,1,0,1,0,42.9,17.25,0,17.5,0,2706.8,1094.1,0,1190,0,1,0,0,0,0,0,1,0,0,3.75887182593397,2.84781214347737, ,2.86220088092947, ,3.89182029811063,2,0
1,61,46,0,5,318,3,18,0,1,1,1,0,1,0,28.9,39.25,0,84.75,0,1796.7,2442.75,0,5115,0,1,1,0,0,1,1,1,1,0,3.36384159511839,3.66995144422842, ,4.43970574626056, ,5.76205138278018,3,0
3,35,45,0,17,29,1,6,0,0,1,0,0,0,0,8.4,0,0,0,0,300.35,0,0,0,0,0,0,0,0,0,0,1,0,0,2.12823170584927, , , , ,3.36729582998647,1,0
2,49,51,1,5,80,5,3,0,0,2,0,1,1,1,5.75,0,51.75,36,36.7,285.4,0,2435.35,1810,1679.45,1,1,1,1,1,1,1,1,1,1.74919985480926, ,3.94642443214548,3.58351893845611,3.60277675506052,4.38202663467388,4,1
1,58,70,0,2,9,3,24,1,1,1,0,1,1,1,23.3,0,48.35,29.75,35.15,1384.45,0,2632.4,1730,1975.7,1,0,0,1,0,0,0,1,0,3.14845336057165, ,3.8784662218993,3.39282913199164,3.55962461825667,2.19722457733622,2,0
2,26,39,1,15,58,4,9,0,1,2,1,0,1,1,8.65,21.25,0,6.5,19.65,210.6,567.55,0,145,493.85,0,0,0,1,1,0,1,1,0,2.15755932094379,3.05635689537043, ,1.87180217690159,2.97807733831527,4.06044301054642,3,0
1,35,66,1,44,14,3,12,1,1,2,1,0,0,0,4.7,31,0,0,0,202.5,1135,0,0,0,0,0,0,0,1,1,1,1,0,1.54756250871601,3.43398720448515, , , ,2.63905732961526,3,0
2,48,43,1,1,60,2,12,0,0,2,1,1,1,0,15.5,19.25,29.6,31.5,0,719.7,905.15,1500.75,1495,0,1,0,0,0,0,1,0,0,0,2.7408400239252,2.95751106073379,3.38777436133001,3.44998754583159, ,4.0943445622221,2,0
1,72,63,1,29,15,5,31,1,0,2,0,0,1,0,20.6,0,0,31.25,0,1547.45,0,0,2180,0,1,0,0,0,0,0,1,1,0,3.02529107579554, , ,3.44201937618241, ,2.70805020110221,3,0
1,24,43,0,14,138,4,11,0,1,1,1,0,1,1,6.65,20.25,0,8,24.65,130.6,445.6,0,180,551.15,1,0,0,1,1,1,0,1,0,1.89461685466776,3.00815479355255, ,2.07944154167984,3.2047769004887,4.92725368515721,3,0
2,50,52,0,30,214,3,22,0,0,1,1,1,1,1,11.5,26.25,40.7,12,48.3,610.35,1287.7,1943,530,2412.75,1,1,0,1,1,1,1,1,1,2.4423470353692,3.26766598903763,3.70622809244855,2.484906649788,3.87743156065853,5.36597601502185,4,0
3,34,51,0,8,50,4,14,0,0,1,0,0,1,0,16.15,0,0,15.75,0,531.35,0,0,480,0,0,1,0,0,0,0,0,0,1,2.78192004966867, , ,2.75684036527164, ,3.91202300542815,1,0
2,42,36,1,8,86,2,15,0,1,2,0,1,0,0,9.8,0,30.6,0,0,436.45,0,1222.3,0,0,1,0,0,0,0,0,0,0,0,2.28238238567653, ,3.42100000895834, , ,4.45434729625351,2,0
1,17,41,1,7,25,2,17,0,0,3,0,1,0,0,6.45,0,29,0,0,114.3,0,449.95,0,0,0,0,0,1,1,1,1,0,1,1.86408013080768, ,3.36729582998647, , ,3.2188758248682,3,0
3,66,61,0,26,361,1,40,0,1,1,0,0,1,0,12.75,0,0,38.5,0,782,0,0,2615,0,1,0,0,0,0,0,0,1,0,2.54553127160444, , ,3.65065824129374, ,5.88887795833288,2,0
1,28,33,1,3,14,4,1,0,0,3,1,1,0,1,4.55,15.75,33,0,23.95,145.95,504.9,869.85,0,618.65,1,0,1,1,0,1,1,0,1,1.51512723296286,2.75684036527164,3.49650756146648, ,3.17596832385692,2.63905732961526,4,1
2,12,64,0,13,9,2,6,1,1,1,1,1,1,0,3.8,30,32.8,8.5,0,52.85,317.75,376.6,95,0,0,0,0,1,1,1,1,1,1,1.33500106673234,3.40119738166216,3.4904285153901,2.14006616349627, ,2.19722457733622,3,0
2,59,25,1,4,18,3,2,0,0,4,0,1,1,0,20.1,0,32.55,22.75,0,1251.4,0,1882.65,1415,0,0,0,0,0,0,0,0,0,0,3.00071981506503, ,3.48277736865458,3.12456514539696, ,2.89037175789616,1,0
1,45,52,0,15,46,5,8,0,1,1,0,0,1,0,9.4,0,0,8.75,0,402.1,0,0,395,0,1,0,0,0,0,0,0,0,1,2.24070968927596, , ,2.16905370036952, ,3.8286413964891,2,1
1,21,44,1,4,26,3,2,0,0,2,1,1,1,1,7.55,41,42.35,23.5,35.75,160.65,863.3,890.75,485,702.95,0,1,1,1,1,1,1,1,0,2.02154756326093,3.71357206670431,3.74596842109806,3.15700042115011,3.57655026914002,3.25809653802148,4,0
2,41,45,0,14,25,3,6,0,0,1,0,1,1,1,7.8,0,42.4,14,23.2,370.8,0,1675.7,535,945.3,0,0,0,1,0,0,1,1,1,2.05412373369555, ,3.74714836223791,2.63905732961526,3.14415227867226,3.2188758248682,1,1
2,1,26,1,3,30,2,7,0,1,5,0,1,0,0,1.05,0,15.4,0,0,1.05,0,15.4,0,0,0,0,0,0,0,0,0,0,1,.048790164169432, ,2.73436750941958, , ,3.40119738166216,1,1
1,23,27,1,2,51,5,1,0,1,2,0,1,0,0,3.9,0,24.15,0,0,94.95,0,574.35,0,0,0,1,0,0,0,0,0,0,0,1.3609765531356, ,3.18428438009858, , ,3.93182563272433,1,1
1,37,51,1,15,54,1,15,0,0,3,1,0,1,0,9.55,16.5,0,8.25,0,323.65,614.15,0,225,0,1,0,0,0,0,1,0,1,0,2.25654115449264,2.80336038090653, ,2.11021320034659, ,3.98898404656427,3,0
1,32,27,1,3,91,4,1,0,1,3,1,1,1,1,5.5,16,42.65,3.75,41.3,189.05,543.15,1247.3,100,1269.1,0,1,1,1,1,0,0,1,1,1.70474809223843,2.77258872223978,3.75302727393769,1.32175583998232,3.72086249996699,4.51085950651685,4,1
1,72,54,1,6,345,1,32,0,0,2,0,0,1,0,75.45,0,0,18.25,0,5464.6,0,0,1305,0,1,0,0,0,0,1,0,1,0,4.32347018521386, , ,2.9041650800285, ,5.84354441703136,3,0
1,54,43,0,12,53,2,12,0,0,1,1,0,1,0,14.35,32.25,0,16.75,0,775.9,1749.4,0,845,0,1,0,0,0,1,1,1,1,0,2.66374994220563,3.47351804324178, ,2.81839825827108, ,3.97029191355212,3,0
3,14,36,0,13,67,5,4,0,1,1,0,1,0,0,14.05,0,25.1,0,0,187.4,0,303.6,0,0,0,0,0,1,0,1,0,0,0,2.64262239577976, ,3.22286784613774, , ,4.20469261939097,1,0
3,65,47,1,18,37,1,15,0,1,4,0,0,1,0,19.05,0,0,14,0,1174.6,0,0,900,0,0,0,0,0,0,0,0,0,0,2.94706710157271, , ,2.63905732961526, ,3.61091791264422,1,0
1,20,37,0,5,46,3,10,0,1,4,0,1,1,1,4.9,0,44.6,6.25,41.35,91.55,0,878,90,815.8,1,1,1,1,1,0,1,1,1,1.58923520511658, ,3.79773385902602,1.83258146374831,3.7220724214697,3.8286413964891,4,0
1,34,55,0,2,48,2,11,0,0,1,0,0,0,0,4.25,0,0,0,0,143.35,0,0,0,0,0,0,0,0,0,0,0,0,0,1.44691898293633, , , , ,3.87120101090789,1,0
2,22,23,1,3,16,1,5,0,0,4,0,0,1,0,5.4,0,0,8.5,0,120.4,0,0,205,0,0,0,0,0,0,0,0,0,0,1.68639895357023, , ,2.14006616349627, ,2.77258872223978,1,0
1,28,31,1,0,42,4,5,0,1,3,1,0,0,0,12.25,23.75,0,0,0,373.8,674.5,0,0,0,1,0,0,0,1,0,0,1,0,2.50552593699074,3.16758253048065, , , ,3.73766961828337,3,0
3,72,41,0,20,181,4,12,0,0,1,1,1,1,1,27.3,23.25,69.4,7.75,52.4,1963.95,1645.8,4980.8,520,3790.55,1,1,1,1,1,1,0,1,1,3.30688670219091,3.14630513203337,4.23988686751276,2.04769284336526,3.958906591327,5.19849703126583,4,0
3,71,52,0,17,172,2,32,0,0,1,1,1,1,1,49.25,41.5,50.9,27.25,68.1,3599.3,3015.6,3469.15,1850,4828.2,1,1,1,1,1,1,1,1,0,3.8969093676181,3.72569342723665,3.92986292355648,3.30505352110925,4.22097721315547,5.14749447681345,4,0
1,8,29,1,2,21,5,0,0,0,2,0,1,0,0,4.15,0,24.3,0,0,39.7,0,167.05,0,0,0,0,0,0,0,0,0,0,0,1.42310833424261, ,3.1904763503465, , ,3.04452243772342,1,1
2,46,47,0,22,144,3,22,0,1,2,1,0,0,0,3.5,28.25,0,0,0,179.95,1284.55,0,0,0,0,0,0,0,0,1,1,1,0,1.25276296849537,3.34109345759245, , , ,4.969813299576,3,1
2,42,32,1,0,59,4,4,0,1,6,1,1,1,1,16.7,38.25,53.45,22.75,72.6,681.5,1676.2,2253.95,880,2805.75,1,1,1,1,1,1,1,1,0,2.81540871942271,3.64414356027254,3.97874663747105,3.12456514539696,4.28496492183075,4.07753744390572,4,0
2,72,63,1,40,222,2,43,1,1,2,1,0,1,0,81.55,62.25,0,15.5,0,5988.5,4439.25,0,1150,0,1,0,1,0,1,1,1,1,0,4.40121632906702,4.13115853534482, ,2.7408400239252, ,5.40267738187228,3,0
3,5,31,0,4,34,1,9,0,0,1,1,1,1,1,1.6,17.25,31.1,12.75,19.85,6.15,78.85,128.95,60,69.9,0,1,0,0,1,1,1,1,0,.470003629245736,2.84781214347737,3.43720781918519,2.54553127160444,2.9882040071332,3.52636052461616,3,1
2,70,55,0,12,65,3,24,0,0,1,1,0,1,0,26.7,42.75,0,20.5,0,1874.25,2921.35,0,1465,0,1,1,0,0,1,1,1,1,0,3.2846635654062,3.75536919538277, ,3.02042488614436, ,4.17438726989564,3,0
1,20,33,0,13,44,3,8,0,1,1,0,1,0,0,6.4,0,29.05,0,0,124.45,0,550.75,0,0,1,0,0,0,0,0,1,1,1,1.85629799036563, ,3.36901848329792, , ,3.78418963391826,2,0
3,32,50,0,28,57,4,20,0,0,1,1,0,1,1,4.6,38.5,0,37.75,23.5,123,1267.1,0,1205,707.4,0,0,0,0,1,1,1,1,0,1.52605630349505,3.65065824129374, ,3.63098547569503,3.15700042115011,4.04305126783455,3,0
2,6,24,0,2,28,1,5,0,0,2,1,0,1,0,4.4,9,0,28.25,0,35.1,57.8,0,155,0,0,0,0,0,1,1,1,1,0,1.48160454092422,2.19722457733622, ,3.34109345759245, ,3.3322045101752,3,1
1,38,33,0,3,38,4,0,0,0,1,0,1,1,0,10.95,0,27.2,12.25,0,412.8,0,958.85,465,0,1,0,0,1,0,0,0,0,1,2.39333945626251, ,3.30321697330195,2.50552593699074, ,3.63758615972639,2,0
3,37,76,0,38,117,4,21,0,1,1,0,0,1,0,7.5,0,0,6.25,0,273.7,0,0,230,0,0,0,0,0,0,0,0,0,0,2.01490302054226, , ,1.83258146374831, ,4.76217393479776,1,0
3,69,59,0,37,104,2,13,0,0,1,1,0,1,0,16,30.5,0,13.75,0,1120.75,2104.65,0,925,0,1,1,0,0,1,1,1,1,0,2.77258872223978,3.41772668361337, ,2.62103882411258, ,4.64439089914137,3,0
1,61,34,1,0,70,3,7,0,1,3,1,1,1,1,18.85,30,51.95,18.75,47.3,1230.7,1820.3,3045.8,1095,2840.2,1,1,1,1,1,1,1,1,1,2.93651291389402,3.40119738166216,3.95028171754524,2.93119375241642,3.85651029549789,4.24849524204936,4,1
3,40,57,1,18,68,1,23,0,0,2,1,0,0,0,13.35,25.75,0,0,0,572.4,987.7,0,0,0,0,0,0,0,0,1,0,1,0,2.59151638484626,3.24843462710975, , , ,4.21950770517611,3,0
2,16,26,0,7,21,4,1,0,0,6,1,1,0,1,3.55,11,44.75,0,30.8,56.85,182.25,638.55,0,438.4,1,1,1,1,0,0,1,0,1,1.26694760348732,2.39789527279837,3.80109144472086, ,3.42751468997953,3.04452243772342,4,0
3,20,31,1,10,39,2,3,0,1,2,0,0,0,0,7.75,0,0,0,0,148.75,0,0,0,0,0,0,0,0,0,0,0,0,0,2.04769284336526, , , , ,3.66356164612965,1,0
1,60,37,1,12,64,5,1,0,1,2,0,0,1,0,14.85,0,0,17.5,0,978.35,0,0,970,0,1,0,0,0,0,0,0,0,0,2.69799986524871, , ,2.86220088092947, ,4.15888308335967,2,0
2,33,28,1,3,24,2,0,0,1,6,0,0,1,0,7.5,0,0,15.75,0,224.25,0,0,485,0,0,0,0,0,0,0,0,0,1,2.01490302054226, , ,2.75684036527164, ,3.17805383034795,1,0
1,10,31,0,0,32,4,7,0,1,2,0,1,0,0,5.4,0,28.35,0,0,60.15,0,253.35,0,0,1,0,1,1,0,0,0,0,1,1.68639895357023, ,3.34462703017376, , ,3.46573590279973,2,1
1,23,20,0,1,15,3,0,0,1,1,0,0,0,0,7.5,0,0,0,0,199.65,0,0,0,0,1,0,0,0,0,0,0,0,0,2.01490302054226, , , , ,2.70805020110221,2,0
2,60,57,1,14,107,2,33,0,1,2,1,0,1,1,17.55,30.75,0,21.25,46.7,1035.2,1863.15,0,1245,2640,1,0,1,0,1,1,1,1,0,2.86505394991188,3.42588999425253, ,3.05635689537043,3.84374416467485,4.67282883446191,3,0
3,67,40,1,21,40,4,7,0,1,4,0,1,1,1,24.35,0,46.6,15.25,37.45,1585.85,0,3013.25,1015,2396.15,1,1,1,1,1,0,1,0,1,3.1925318495286, ,3.8416005411316,2.72457950305342,3.62300670996323,3.68887945411394,4,0
3,64,31,1,5,46,2,7,0,1,4,0,1,1,1,24.15,0,34.8,17.75,33.2,1546.55,0,2214.1,1115,2148.15,1,1,0,1,0,0,1,0,1,3.18428438009858, ,3.54961738678043,2.87638551592142,3.50254987592244,3.8286413964891,2,0
2,72,60,1,33,12,1,20,1,0,3,1,0,1,1,53.75,68.5,0,10.25,43.95,3776.1,4938.6,0,780,3102.2,1,1,1,0,1,1,1,1,0,3.98434366700777,4.22683374526818, ,2.32727770558442,3.78305262413119,2.484906649788,4,0
3,54,27,0,3,27,2,6,0,1,5,1,1,1,1,12.4,35,48.3,5.75,43.5,660.85,1919.75,2484.3,315,2259.8,1,1,1,1,1,1,0,1,1,2.51769647261099,3.55534806148941,3.87743156065853,1.74919985480926,3.77276093809464,3.29583686600433,4,0
2,28,38,0,8,119,5,2,0,0,3,0,1,0,1,5.05,0,46.9,0,42.65,141.95,0,1262.7,0,1189.9,1,1,1,1,0,0,0,1,1,1.61938824328727, ,3.84801767545223, ,3.75302727393769,4.77912349311153,4,1
2,52,46,0,17,51,2,13,0,1,3,0,0,1,0,12.5,0,0,15,0,638.7,0,0,755,0,1,0,0,0,0,0,0,0,0,2.52572864430826, , ,2.70805020110221, ,3.93182563272433,2,0
3,52,42,1,17,27,3,8,0,1,2,1,0,1,0,19.65,31,0,19.75,0,1008.8,1661.3,0,1050,0,0,0,0,1,1,1,1,1,0,2.97807733831527,3.43398720448515, ,2.98315349134713, ,3.29583686600433,3,0
1,41,52,0,26,928,3,29,0,0,3,1,0,1,0,7.65,25,0,13.5,0,344,1060.65,0,465,0,0,1,0,0,1,1,1,1,0,2.03470564783844,3.2188758248682, ,2.60268968544438, ,6.8330317327862,3,0
3,67,60,0,24,24,1,6,0,1,1,0,0,1,0,25.1,0,0,21.5,0,1659.1,0,0,1530,0,1,1,0,0,0,0,1,1,0,3.22286784613774, , ,3.06805293513362, ,3.17805383034795,3,0
3,70,39,1,20,38,2,8,0,1,4,1,0,1,0,30.3,26.5,0,51.25,0,2201,1981.65,0,3450,0,1,0,0,0,1,0,0,1,0,3.41114771251532,3.27714473299218, ,3.93671561801852, ,3.63758615972639,3,0
3,46,45,0,12,96,3,17,0,0,1,0,1,1,0,10.95,0,24.5,9.75,0,504.3,0,1032.75,410,0,1,0,0,1,0,0,0,0,1,2.39333945626251, ,3.19867311755068,2.27726728500976, ,4.56434819146784,2,0
2,39,59,0,20,1668,4,27,0,1,1,1,0,0,0,8.2,15,0,0,0,303.95,595.6,0,0,0,1,1,0,1,1,1,0,0,0,2.10413415427021,2.70805020110221, , , ,7.41938058291869,2,0
3,5,31,0,1,21,3,1,0,1,2,0,0,0,0,2.6,0,0,0,0,16.1,0,0,0,0,0,0,0,0,0,0,0,0,1,.955511445027436, , , , ,3.04452243772342,1,1
1,72,69,0,45,17,3,36,1,1,1,0,0,1,0,38.2,0,0,28.25,0,2751.65,0,0,2005,0,1,0,0,0,0,0,0,0,0,3.64283551561253, , ,3.34109345759245, ,2.83321334405622,2,0
3,58,28,0,5,34,5,1,0,1,1,0,1,1,0,19.9,0,41.7,23.75,0,1144.6,0,2275.7,1335,0,1,1,1,1,0,0,0,0,1,2.99071973173045, ,3.73050112880476,3.16758253048065, ,3.52636052461616,2,0
1,65,45,1,25,67,5,13,0,1,2,1,1,1,0,9.85,20.75,27.65,36,0,671.2,1391.85,1729.2,2305,0,1,0,0,0,0,1,0,1,0,2.287471455184,3.03254624667671,3.31962572796834,3.58351893845611, ,4.20469261939097,3,0
2,1,20,0,1,21,2,0,0,1,2,0,1,0,0,.9,0,23.85,0,0,.9,0,23.85,0,0,0,1,1,0,1,0,0,0,1,-.105360515657826, ,3.17178421733435, , ,3.04452243772342,1,1
1,4,25,1,3,71,3,3,0,1,5,0,1,0,0,3.6,0,28.7,0,0,14.95,0,110.15,0,0,0,1,0,1,0,0,0,0,1,1.28093384546206, ,3.35689712276558, , ,4.26267987704132,1,0
2,8,24,1,1,18,4,0,0,1,5,1,1,1,1,2.95,17,39.3,20,34.3,16.8,134.25,296.7,165,260.8,0,1,1,1,1,1,1,1,1,1.08180517035173,2.83321334405622,3.67122451887522,2.99573227355399,3.53514535417189,2.89037175789616,4,1
1,56,46,1,21,33,4,7,0,0,2,0,1,1,0,22.7,0,32.9,8.5,0,1257.4,0,1846.85,525,0,1,0,0,1,0,0,0,0,1,3.12236492448736, ,3.49347265777133,2.14006616349627, ,3.49650756146648,2,0
2,42,57,1,25,209,1,40,0,1,4,0,0,1,0,9.45,0,0,11,0,383.45,0,0,475,0,0,0,0,0,0,0,0,0,0,2.24601474150565, , ,2.39789527279837, ,5.34233425196481,1,0
1,69,46,1,18,66,2,19,0,0,4,0,0,1,0,21.85,0,0,46.5,0,1589.1,0,0,3265,0,1,0,0,0,0,0,0,0,0,3.0842009215416, , ,3.83945231259331, ,4.18965474202643,2,0
2,66,42,1,18,118,2,20,0,0,2,0,0,1,0,26.8,0,0,21.75,0,1774.75,0,0,1480,0,1,0,0,0,0,0,0,0,0,3.28840188751681, , ,3.07961375753469, ,4.77068462446567,2,0
1,41,44,1,1,59,3,21,0,1,3,0,1,1,0,12.1,0,44.9,24.5,0,479.95,0,1853.3,1005,0,1,1,0,1,0,1,0,0,1,2.4932054526027, ,3.80443779474821,3.19867311755068, ,4.07753744390572,2,0
3,45,30,1,0,63,5,4,0,0,4,1,1,1,1,7.1,40.75,39.75,16.5,50.85,314.8,1849.5,1717.2,775,2239.65,1,1,1,1,1,1,1,1,1,1.96009478404727,3.70745583968687,3.68260984110034,2.80336038090653,3.92888012249457,4.14313472639153,4,1
1,42,56,0,24,72,4,18,0,1,1,0,1,1,1,8,0,38.5,20.5,40.05,336.9,0,1573.85,770,1713.3,1,1,1,1,1,1,1,1,1,2.07944154167984, ,3.65065824129374,3.02042488614436,3.69012867351437,4.27666611901606,4,0
3,4,31,0,5,39,2,5,0,0,2,1,1,1,1,4.9,26,41.55,10,36.4,19.65,95.95,111.7,25,142.9,0,1,1,1,1,1,1,1,1,1.58923520511658,3.25809653802148,3.72689752130146,2.30258509299405,3.5945687746427,3.66356164612965,4,1
3,1,59,0,4,9,1,4,1,0,1,1,0,1,0,3.8,26.5,0,20.5,0,3.8,26.5,0,20.5,0,0,0,0,0,1,1,1,0,0,1.33500106673234,3.27714473299218, ,3.02042488614436, ,2.19722457733622,3,0
2,33,30,0,11,28,1,9,0,0,1,0,0,0,0,7.4,0,0,0,0,246.55,0,0,0,0,0,0,0,0,0,0,1,0,0,2.00148000021012, , , , ,3.3322045101752,1,0
1,60,32,0,12,34,4,4,0,1,2,0,0,1,0,23.95,0,0,10,0,1513,0,0,615,0,1,0,0,0,0,0,0,0,0,3.17596832385692, , ,2.30258509299405, ,3.52636052461616,2,0
1,64,39,0,5,37,1,9,0,0,1,0,0,1,0,10.2,0,0,17.5,0,640.75,0,0,1020,0,0,0,0,0,0,0,0,0,0,2.32238772029023, , ,2.86220088092947, ,3.61091791264422,1,0
1,29,35,1,10,55,2,7,0,0,4,1,0,1,0,15.65,21.75,0,30.75,0,477.95,612.55,0,855,0,0,0,0,0,0,1,1,1,0,2.75047091698616,3.07961375753469, ,3.42588999425253, ,4.00733318523247,3,1
1,22,41,1,9,29,3,11,0,0,4,0,0,0,0,12.75,0,0,0,0,274.85,0,0,0,0,0,0,0,0,0,0,0,0,0,2.54553127160444, , , , ,3.36729582998647,1,1
3,50,41,0,16,138,2,18,0,1,1,1,1,1,0,12.35,19.75,27.85,14.5,0,585.05,937.85,1359.05,690,0,1,0,0,0,0,0,0,0,1,2.51365606307399,2.98315349134713,3.32683296637329,2.67414864942653, ,4.92725368515721,2,1
2,15,54,0,7,62,1,11,0,0,1,0,0,0,0,3.15,0,0,0,0,54.25,0,0,0,0,0,0,0,0,1,0,0,0,0,1.14740245283754, , , , ,4.12713438504509,1,0
3,5,44,0,5,83,1,16,0,1,1,0,1,0,0,4.65,0,25.25,0,0,12.3,0,90.5,0,0,1,0,0,0,0,1,0,0,0,1.53686721959927, ,3.22882615572137, , ,4.4188406077966,2,1
2,26,27,1,4,33,4,1,0,0,6,1,1,1,1,5.85,25.5,42.45,13.25,34.15,114.55,656.85,1089.7,310,810.2,1,1,1,1,1,1,1,1,1,1.76644166124377,3.23867845216438,3.74832691275736,2.58399755243223,3.5307625860168,3.49650756146648,4,1
1,26,30,0,9,18,4,1,0,0,3,1,0,1,0,7.25,25.5,0,32.5,0,171.85,688.35,0,840,0,0,1,1,0,1,1,1,1,0,1.98100146886658,3.23867845216438, ,3.48124008933569, ,2.89037175789616,4,1
3,30,23,1,4,19,3,1,0,0,4,0,1,1,0,7.9,0,35.2,27.5,0,253.05,0,1087.55,840,0,1,0,0,1,0,0,0,0,1,2.06686275947298, ,3.56104608260405,3.31418600467253, ,2.94443897916644,2,0
1,71,46,0,27,119,5,7,0,1,1,0,1,1,1,42.85,0,70.05,15,111.95,3080.85,0,5028.65,1020,7856.85,1,1,1,1,0,0,1,1,1,3.75770564504379, ,4.24920927278302,2.70805020110221,4.71805234304476,4.77912349311153,4,0
1,24,30,1,7,45,1,11,0,1,2,0,0,0,0,6,0,0,0,0,134.7,0,0,0,0,0,0,0,0,0,0,1,0,0,1.79175946922806, , , , ,3.80666248977032,1,0
1,16,34,1,13,56,3,10,0,1,3,0,0,0,0,9.35,0,0,0,0,157,0,0,0,0,0,0,0,0,0,0,0,0,0,2.2353763433006, , , , ,4.02535169073515,1,1
1,5,30,0,4,25,3,6,0,0,1,1,1,0,0,2.4,14.75,27.5,0,0,25.45,72.45,147.4,0,0,0,0,0,0,1,1,1,0,0,.8754687373539,2.69124308278583,3.31418600467253, , ,3.2188758248682,3,1
1,5,32,0,6,33,4,3,0,0,2,0,1,0,0,3.2,0,21.6,0,0,24.55,0,98.4,0,0,0,0,0,1,0,0,0,0,1,1.16315080980568, ,3.07269331469012, , ,3.49650756146648,1,1
2,19,37,1,4,99,2,15,0,1,3,0,0,0,0,8,0,0,0,0,142.05,0,0,0,0,1,0,0,1,1,0,0,0,1,2.07944154167984, , , , ,4.59511985013459,2,1
2,25,41,0,3,81,3,20,0,1,4,0,0,1,0,7.4,0,0,11,0,193.65,0,0,290,0,0,0,0,0,0,1,1,1,0,2.00148000021012, , ,2.39789527279837, ,4.39444915467244,3,0
3,54,68,0,7,273,3,27,0,1,1,0,0,1,0,18.35,0,0,6,0,1003.2,0,0,325,0,0,0,0,1,0,0,0,0,1,2.90962957450058, , ,1.79175946922806, ,5.60947179518496,1,0
3,14,28,1,7,17,2,3,0,0,4,0,1,0,0,5.8,0,20.85,0,0,86.75,0,288.05,0,0,0,0,0,0,0,0,0,0,1,1.75785791755237, ,3.03735394824481, , ,2.83321334405622,1,1
1,7,23,0,3,27,2,1,0,1,3,1,0,1,0,3.65,9.5,0,7,0,21,76.05,0,55,0,0,0,0,0,0,1,1,0,0,1.2947271675944,2.2512917986065, ,1.94591014905531, ,3.29583686600433,1,0
1,3,23,0,2,20,2,4,0,0,1,0,1,0,0,4.65,0,30,0,0,11.2,0,68.8,0,0,0,1,0,1,0,0,0,1,1,1.53686721959927, ,3.40119738166216, , ,2.99573227355399,1,0
2,54,56,0,8,207,2,35,0,1,1,1,0,1,0,9,25.25,0,9,0,464.65,1352.25,0,455,0,0,0,0,0,1,1,1,1,0,2.19722457733622,3.22882615572137, ,2.19722457733622, ,5.33271879326537,3,0
1,18,29,0,4,40,2,1,0,0,1,0,1,0,0,9.5,0,27.35,0,0,196.2,0,401.65,0,0,0,0,0,1,1,1,1,0,0,2.2512917986065, ,3.30871652886799, , ,3.68887945411394,3,0
1,42,62,0,26,26,1,35,1,1,1,0,0,1,0,8.75,0,0,27,0,337.75,0,0,1070,0,0,0,0,0,0,0,0,0,1,2.16905370036952, , ,3.29583686600433, ,3.25809653802148,1,0
2,12,50,1,16,203,4,25,0,0,2,1,0,1,1,4.95,22,0,11.25,28.3,71.5,284.7,0,120,315.7,0,0,1,0,0,1,0,0,1,1.5993875765806,3.09104245335832, ,2.42036812865043,3.34286180464919,5.31320597904179,1,1
2,13,38,1,8,104,4,6,0,0,7,1,0,1,1,10.25,21.5,0,25.75,58.85,160.4,274,0,325,723.35,0,1,1,1,1,1,1,1,1,2.32727770558442,3.06805293513362, ,3.24843462710975,4.07499183370629,4.64439089914137,4,1
3,67,42,1,20,81,3,20,0,1,5,1,0,1,1,24.4,41.25,0,9.5,36.7,1701,2799.45,0,615,2481.65,1,1,1,0,1,1,1,1,0,3.19458313229916,3.71965111278069, ,2.2512917986065,3.60277675506052,4.39444915467244,4,0
1,25,46,0,13,45,1,12,0,1,1,1,0,0,0,5.4,16,0,0,0,155,408.05,0,0,0,0,1,0,0,0,1,1,0,0,1.68639895357023,2.77258872223978, , , ,3.80666248977032,3,0
3,32,35,0,12,57,4,5,0,0,1,1,1,0,0,8.6,11,30.05,0,0,259.3,335.15,975.8,0,0,1,0,0,0,0,0,0,0,0,2.15176220325946,2.39789527279837,3.40286266098122, , ,4.04305126783455,2,0
2,8,22,0,3,25,4,0,0,0,1,1,0,1,1,8,32.25,0,18.25,19.45,61.55,264,0,155,153.7,0,1,0,0,1,1,1,1,0,2.07944154167984,3.47351804324178, ,2.9041650800285,2.96784707006446,3.2188758248682,3,0
2,32,54,0,6,155,2,20,0,0,1,0,0,0,0,16.35,0,0,0,0,528.5,0,0,0,0,0,0,0,0,0,0,0,0,0,2.79422789734326, , , , ,5.04342511691925,1,0
2,2,28,0,7,46,3,0,0,1,1,0,0,0,1,3.45,0,0,0,15.1,6.55,0,0,0,10.45,1,0,1,0,1,1,0,1,1,1.23837423104327, , , ,2.71469474382088,3.8286413964891,4,0
1,42,33,0,2,67,2,5,0,0,2,0,0,1,0,6.7,0,0,25.25,0,270.2,0,0,1075,0,1,0,0,0,0,0,0,1,0,1.90210752639692, , ,3.22882615572137, ,4.20469261939097,2,0
2,41,46,1,14,47,2,11,0,0,5,1,1,1,1,6.3,41.25,55.8,20,50.95,279.7,1665,2197.6,830,1956.7,1,1,1,0,1,1,1,1,0,1.84054963339749,3.71965111278069,4.02177386938726,2.99573227355399,3.93084475966873,3.85014760171006,4,0
1,38,40,0,15,34,2,11,0,1,1,0,1,1,0,4.25,0,19.8,7,0,157.6,0,779.65,275,0,1,0,0,1,0,0,0,0,0,1.44691898293633, ,2.98568193770049,1.94591014905531, ,3.52636052461616,2,0
2,6,42,1,17,29,2,2,0,1,2,1,0,1,1,4.3,25.75,0,29,31.9,13.4,159.15,0,165,162,0,1,1,0,1,1,1,1,0,1.45861502269952,3.24843462710975, ,3.36729582998647,3.4626060097908,3.36729582998647,4,0
1,13,23,1,3,30,3,0,0,1,4,1,1,0,0,5.15,24.25,28.85,0,0,53.5,294.55,294.35,0,0,1,1,1,1,1,0,1,1,0,1.63899671467564,3.18841661738349,3.36210999295411, , ,3.40119738166216,4,0
1,34,49,1,27,61,3,15,0,1,2,1,0,0,0,12.65,34.25,0,0,0,414.9,1119.35,0,0,0,0,0,0,0,1,1,1,1,0,2.53765721517353,3.53368656470823, , , ,4.11087386417331,3,0
1,48,41,0,21,43,2,7,0,0,1,0,0,1,0,19.5,0,0,11.75,0,887.7,0,0,530,0,1,0,0,0,0,0,0,0,0,2.9704144655697, , ,2.46385324059017, ,3.76120011569356,2,0
1,32,34,1,7,32,2,15,0,0,4,0,0,0,0,9.25,0,0,0,0,285.75,0,0,0,0,0,0,0,0,0,0,0,1,0,2.22462355152433, , , , ,3.46573590279973,1,0
3,55,52,0,22,127,1,28,0,1,3,0,0,1,0,7.05,0,0,20.25,0,400.55,0,0,1150,0,1,1,0,0,0,0,0,0,1,1.95302761682418, , ,3.00815479355255, ,4.84418708645859,2,0
3,29,26,0,1,32,3,2,0,1,1,0,0,1,0,3.4,0,0,15.75,0,111.5,0,0,440,0,0,1,0,0,0,0,0,1,0,1.22377543162212, , ,2.75684036527164, ,3.46573590279973,1,1
3,35,50,1,11,293,3,21,0,0,2,0,1,0,0,12.25,0,23.9,0,0,416.4,0,793.4,0,0,0,0,0,0,0,0,0,0,1,2.50552593699074, ,3.17387845893747, , ,5.68017260901707,1,1
1,9,29,0,9,39,3,5,0,1,1,0,0,0,0,4.2,0,0,0,0,22,0,0,0,0,0,0,0,0,0,0,0,0,1,1.43508452528932, , , , ,3.66356164612965,1,0
1,33,34,1,2,28,1,3,0,1,3,0,0,0,0,13.4,0,0,0,0,438.9,0,0,0,0,1,0,0,1,1,0,0,0,0,2.59525470695687, , , , ,3.3322045101752,2,0
3,31,34,0,9,105,4,7,0,1,4,0,0,1,0,6.45,0,0,5.75,0,182.35,0,0,170,0,0,0,0,0,0,1,0,1,0,1.86408013080768, , ,1.74919985480926, ,4.65396035015752,3,0
3,55,45,0,8,36,2,9,0,0,3,1,0,1,0,25.65,41.75,0,11.75,0,1423,2294.75,0,630,0,1,1,0,0,1,1,1,1,0,3.24454357161678,3.73169945129686, ,2.46385324059017, ,3.58351893845611,3,0
1,39,34,1,11,55,4,10,0,1,4,1,1,1,1,18.45,33.75,56.95,35.5,47.85,742.5,1307.8,2171.65,1385,1867.5,0,1,1,1,1,1,1,1,0,2.91506437048654,3.51898041731854,4.04217368989319,3.56953269648137,3.86807111789896,4.00733318523247,4,0
3,55,37,1,15,23,2,0,0,1,5,1,0,1,0,12.95,32.5,0,26.25,0,716.25,1783.55,0,1355,0,1,0,0,0,1,1,1,1,0,2.56109578814555,3.48124008933569, ,3.26766598903763, ,3.13549421592915,3,0
3,33,58,0,12,21,2,23,1,1,1,0,0,1,0,8.8,0,0,20.75,0,264.05,0,0,690,0,0,0,0,0,0,0,0,0,0,2.17475172148416, , ,3.03254624667671, ,3.04452243772342,1,0
2,48,31,1,12,52,4,3,0,0,3,1,1,1,1,8.15,26.5,50.95,31.75,55.55,364.8,1323.5,2289.7,1410,2725.3,1,1,1,1,1,1,1,1,1,2.09801792725277,3.27714473299218,3.93084475966873,3.4578927253387,4.01728351608564,3.95124371858143,4,0
3,54,32,1,0,50,1,15,0,0,3,1,1,1,0,18.15,46.25,49.2,21.25,0,958.7,2530.9,2610.6,1105,0,0,0,0,0,1,1,1,1,0,2.89867056071086,3.83406146395843,3.89589362349826,3.05635689537043, ,3.91202300542815,3,1
3,4,37,1,1,33,2,15,0,1,5,0,1,0,0,2.45,0,21.9,0,0,19.25,0,65.1,0,0,0,0,0,1,0,0,0,0,1,.896088024556636, ,3.08648663682246, , ,3.49650756146648,1,1
2,23,35,0,2,96,3,4,0,0,1,0,1,1,1,6.4,0,37.6,22.75,46.2,160.3,0,788.4,450,979.25,1,1,1,1,1,1,1,1,1,1.85629799036563, ,3.62700405039585,3.12456514539696,3.83297979808769,4.56434819146784,4,1
2,55,44,1,2,68,2,15,0,0,5,1,0,1,0,6.6,43.5,0,29.5,0,350.85,2423.3,0,1685,0,0,0,0,0,1,1,1,1,0,1.88706964903238,3.77276093809464, ,3.38439026334577, ,4.21950770517611,3,0
2,55,57,1,25,34,2,12,0,0,3,0,0,1,0,14.6,0,0,29.5,0,785.4,0,0,1600,0,0,0,0,0,0,0,0,0,0,2.68102152871429, , ,3.38439026334577, ,3.52636052461616,1,0
1,10,23,0,4,36,2,1,0,0,3,1,0,1,0,8.55,14.75,0,22,0,86.05,142.05,0,200,0,0,0,0,0,1,1,1,1,0,2.14593128294867,2.69124308278583, ,3.09104245335832, ,3.58351893845611,3,0
2,51,36,0,13,62,3,9,0,0,2,1,0,1,1,5.65,36.25,0,19.75,40.4,305.75,1872.75,0,995,2005.45,1,1,1,1,1,1,1,1,0,1.73165554515835,3.59043938130068, ,2.98315349134713,3.6988297849671,4.12713438504509,4,0
3,53,33,0,1,60,1,6,0,0,2,1,0,1,1,17.65,28.5,0,41,28.55,950.7,1502.2,0,2170,1524.6,0,1,1,0,1,1,1,1,0,2.87073578337931,3.3499040872746, ,3.71357206670431,3.35165693610202,4.0943445622221,4,0
3,1,30,0,3,135,4,3,0,0,3,1,1,1,0,1.1,5.75,22.8,2.75,0,1.1,5.75,22.8,2.75,0,0,0,0,1,1,0,0,0,1,.0953101798043249,1.74919985480926,3.1267605359604,1.01160091167848, ,4.90527477843843,1,1
3,8,27,1,0,21,3,3,0,1,2,0,1,0,0,3.65,0,36.45,0,0,38.05,0,235.75,0,0,1,0,0,1,0,0,0,0,1,1.2947271675944, ,3.59594145845467, , ,3.04452243772342,2,0
3,36,32,1,3,63,4,7,0,0,4,0,1,1,0,6.2,0,29.55,12.75,0,229.5,0,991.35,415,0,1,0,0,1,0,0,0,1,0,1.82454929205105, ,3.38608374385211,2.54553127160444, ,4.14313472639153,2,0
3,4,44,0,15,32,3,0,0,1,1,1,1,1,0,2.1,13.75,25.95,8.75,0,6.9,44.95,82.25,25,0,0,1,0,1,1,0,1,1,0,.741937344729377,2.62103882411258,3.2561716096119,2.16905370036952, ,3.46573590279973,3,1
1,66,39,1,12,60,4,10,0,0,3,1,1,1,1,20.15,39.25,46.3,17.25,36.4,1443.75,2490.65,2895.25,1055,2322.2,1,1,1,1,1,1,1,1,1,3.00320428839269,3.66995144422842,3.83514196109219,2.84781214347737,3.5945687746427,4.0943445622221,4,0
1,11,24,1,0,31,2,3,0,1,4,1,1,1,1,5.4,16,39.2,13.75,33.55,83.15,189.45,422.8,140,331.65,0,1,1,1,1,1,1,0,1,1.68639895357023,2.77258872223978,3.66867674679642,2.62103882411258,3.51303686341769,3.43398720448515,4,1
2,13,23,1,4,31,1,5,0,1,4,0,1,0,1,4.6,0,35.45,0,27.7,54.85,0,398.95,0,339.75,0,1,1,1,0,0,0,0,1,1.52605630349505, ,3.56812325297814, ,3.32143241319329,3.43398720448515,1,0
1,4,40,0,12,38,2,5,0,0,1,0,0,1,0,8.15,0,0,12,0,32.25,0,0,25,0,0,0,0,0,0,0,0,0,0,2.09801792725277, , ,2.484906649788, ,3.63758615972639,1,0
1,13,34,1,6,37,3,6,0,0,4,0,0,0,0,6.85,0,0,0,0,102.5,0,0,0,0,0,0,0,0,0,1,0,1,0,1.92424865227413, , , , ,3.61091791264422,3,0
1,45,30,1,8,38,2,5,0,0,6,0,0,1,0,12.75,0,0,23.75,0,622.15,0,0,1015,0,1,0,0,0,0,1,1,1,0,2.54553127160444, , ,3.16758253048065, ,3.63758615972639,3,0
1,35,40,0,5,49,1,20,0,1,1,0,0,0,0,3.4,0,0,0,0,107.85,0,0,0,0,0,0,0,0,0,0,0,0,0,1.22377543162212, , , , ,3.89182029811063,1,0
3,44,45,1,19,88,1,21,0,0,2,1,0,1,0,11.9,25.25,0,8.25,0,524.25,1108.4,0,305,0,1,0,0,0,1,1,1,1,0,2.47653840011748,3.22882615572137, ,2.11021320034659, ,4.47733681447821,3,0
2,42,46,1,9,31,1,12,0,1,3,0,0,1,0,5.9,0,0,23,0,277.65,0,0,945,0,0,0,0,0,0,0,0,1,0,1.77495235091167, , ,3.13549421592915, ,3.43398720448515,1,0
1,31,24,1,3,14,1,0,0,0,4,0,0,0,0,7.2,0,0,0,0,231.75,0,0,0,0,0,0,0,0,0,0,0,0,0,1.97408102602201, , , , ,2.63905732961526,1,0
1,12,23,1,2,24,4,0,0,1,8,1,0,1,1,3.2,41,0,15.75,35.4,35.5,502,0,210,373,0,1,1,1,1,1,1,1,0,1.16315080980568,3.71357206670431, ,2.75684036527164,3.56671182013973,3.17805383034795,4,0
1,47,34,1,4,63,2,13,0,1,4,0,0,1,0,18.95,0,0,30.5,0,880.75,0,0,1395,0,0,0,0,0,0,0,0,0,0,2.94180393152844, , ,3.41772668361337, ,4.14313472639153,1,0
3,39,34,0,4,20,5,3,0,1,1,1,1,1,1,9.55,21.25,59.2,10,79.2,375.4,872.5,2361.9,385,2973,1,1,1,1,1,1,1,1,1,2.25654115449264,3.05635689537043,4.08092154188996,2.30258509299405,4.37197629882038,2.99573227355399,4,0
1,13,54,0,12,121,4,23,0,0,1,0,0,0,0,7.3,0,0,0,0,102.4,0,0,0,0,0,0,0,0,1,0,1,1,0,1.98787434815435, , , , ,4.79579054559674,3,0
2,11,19,0,0,21,2,0,0,0,1,0,0,0,0,3.6,0,0,0,0,35.4,0,0,0,0,0,0,0,0,0,0,0,0,1,1.28093384546206, , , , ,3.04452243772342,1,1
3,17,42,0,8,58,1,23,0,0,1,0,1,0,0,5.05,0,28.65,0,0,85.05,0,523.05,0,0,1,1,0,1,0,1,0,0,0,1.61938824328727, ,3.35515344316075, , ,4.06044301054642,2,1
1,19,65,0,3,108,1,33,0,0,3,1,0,1,0,5.95,21.5,0,11.25,0,117.55,423.6,0,190,0,0,0,0,0,1,1,1,1,0,1.78339121955754,3.06805293513362, ,2.42036812865043, ,4.68213122712422,3,0
2,53,51,0,31,245,4,0,0,0,1,1,0,1,0,18.45,28.25,0,11,0,961.75,1535.25,0,570,0,1,0,0,0,0,0,0,1,0,2.91506437048654,3.34109345759245, ,2.39789527279837, ,5.50125821054473,2,0
1,35,34,0,7,78,4,10,0,1,1,0,0,1,0,13.9,0,0,4.5,0,556.2,0,0,135,0,0,0,0,0,0,0,0,0,0,2.63188884013665, , ,1.50407739677627, ,4.35670882668959,1,0
1,22,48,0,7,88,4,12,0,0,1,0,1,0,0,4.5,0,31.85,0,0,92.65,0,646.05,0,0,0,0,0,1,0,0,0,0,0,1.50407739677627, ,3.46103738201817, , ,4.47733681447821,1,1
2,68,39,0,20,73,2,16,0,1,1,1,0,1,0,44.95,15.75,0,20,0,3002.2,1089.05,0,1295,0,1,0,0,0,0,0,0,0,0,3.80555076091763,2.75684036527164, ,2.99573227355399, ,4.29045944114839,2,0
3,68,52,1,8,456,3,30,0,1,4,1,0,1,1,22.25,27.5,0,26.75,29.75,1549.95,1782.1,0,1885,2096.55,1,0,0,0,1,1,1,1,0,3.10234200861225,3.31418600467253, ,3.28653447334202,3.39282913199164,6.12249280951439,3,0
3,11,32,0,8,23,2,0,0,1,1,0,1,1,0,6.2,0,28.4,7.25,0,82.6,0,242.9,95,0,0,0,0,1,0,0,0,0,1,1.82454929205105, ,3.34638914516716,1.98100146886658, ,3.13549421592915,1,0
3,16,50,0,5,263,2,29,0,1,3,1,1,0,1,3.75,17,31.95,0,21.9,59.75,253.35,463.25,0,309.05,0,0,0,0,1,1,1,1,1,1.32175583998232,2.83321334405622,3.46417218082354, ,3.08648663682246,5.57215403217776,3,0
1,60,64,0,14,33,2,13,1,0,1,1,0,1,1,30.75,22.25,0,12.25,47.4,1829.4,1391,0,670,2962.1,1,1,1,0,1,1,1,1,1,3.42588999425253,3.10234200861225, ,2.50552593699074,3.85862222870103,3.49650756146648,4,0
1,18,56,0,22,296,2,25,0,0,1,0,0,1,0,3.4,0,0,8.25,0,49.7,0,0,160,0,0,0,0,0,1,0,0,0,0,1.22377543162212, , ,2.11021320034659, ,5.69035945432406,1,0
1,35,57,1,32,47,4,12,0,0,2,0,1,1,0,7.25,0,33.7,18.75,0,263.55,0,1153.35,630,0,1,0,0,1,0,0,0,0,0,1.98100146886658, ,3.51749783735832,2.93119375241642, ,3.85014760171006,2,0
2,20,49,1,5,264,2,29,0,1,2,0,0,0,0,9.6,0,0,0,0,159.2,0,0,0,0,0,0,0,0,0,1,0,0,0,2.26176309847379, , , , ,5.57594910314632,1,0
2,69,48,1,27,55,2,4,0,0,2,1,1,1,0,19.6,35.75,34.25,62,0,1411.7,2396.7,2440.55,4125,0,1,0,0,0,0,1,1,0,0,2.97552956623647,3.57655026914002,3.53368656470823,4.12713438504509, ,4.00733318523247,3,0
2,27,24,1,3,26,1,7,0,1,4,0,0,0,0,6.05,0,0,0,0,137.7,0,0,0,0,0,0,1,0,0,0,0,0,0,1.80005827204275, , , , ,3.25809653802148,1,1
1,18,52,1,20,66,1,19,0,1,2,1,0,1,0,12.8,27.75,0,10.5,0,204.95,520.6,0,170,0,0,0,0,1,0,0,1,0,0,2.54944517092557,3.32323584019244, ,2.35137525716348, ,4.18965474202643,1,0
2,17,42,0,6,31,2,2,0,0,1,1,0,0,1,8.25,24.5,0,0,26.4,140.85,404.8,0,0,447.95,1,1,0,0,1,1,0,1,1,2.11021320034659,3.19867311755068, , ,3.27336401015227,3.43398720448515,4,1
2,15,46,0,5,232,4,15,0,1,2,1,1,1,1,4.3,23,45.15,22.75,31.3,41.35,357.5,582,305,474.5,0,1,1,1,1,1,1,1,1,1.45861502269952,3.13549421592915,3.80999027986299,3.12456514539696,3.44361809754611,5.44673737166631,4,1
1,9,41,0,12,39,4,3,0,0,1,0,1,0,1,4.7,0,39.65,0,20.8,26.3,0,318.25,0,135.95,0,1,1,1,0,0,0,0,1,1.54756250871601, ,3.68009094808086, ,3.03495298670727,3.66356164612965,1,1
2,62,59,1,37,74,1,20,0,0,2,1,0,1,0,16.1,36,0,11,0,972,2245.35,0,645,0,0,0,0,0,1,1,1,1,0,2.77881927199042,3.58351893845611, ,2.39789527279837, ,4.30406509320417,3,0
1,19,33,1,11,22,1,3,0,0,5,0,0,1,0,3.95,0,0,36.25,0,79.6,0,0,685,0,1,0,0,0,1,1,0,1,0,1.37371557891303, , ,3.59043938130068, ,3.09104245335832,3,0
3,3,64,0,3,9,2,6,1,0,1,0,0,0,0,4.95,0,0,0,0,14.8,0,0,0,0,0,0,0,0,0,0,0,0,0,1.5993875765806, , , , ,2.19722457733622,1,1
2,38,44,0,1,50,4,7,0,1,1,0,1,1,0,7.15,0,24.6,10,0,277.5,0,891.8,355,0,1,0,0,1,0,0,0,0,1,1.96711235670592, ,3.20274644293832,2.30258509299405, ,3.91202300542815,2,1
1,11,26,0,2,53,3,3,0,0,1,1,1,1,1,4.15,21.5,43.7,11.75,38.8,34.7,188.35,431.3,110,415.8,1,1,1,1,0,1,1,0,1,1.42310833424261,3.06805293513362,3.77734810210154,2.46385324059017,3.65842024662923,3.97029191355212,4,1
3,23,50,0,1,151,4,8,0,1,1,1,0,0,0,8.25,21.75,0,0,0,186.5,438.4,0,0,0,0,0,0,0,1,0,0,0,0,2.11021320034659,3.07961375753469, , , ,5.01727983681492,1,0
3,36,42,0,5,31,1,4,0,1,1,0,0,0,0,10.05,0,0,0,0,373.75,0,0,0,0,0,0,0,0,0,0,0,0,0,2.30757263450508, , , , ,3.43398720448515,1,1
3,24,58,1,30,24,1,5,0,0,2,1,0,0,0,7.65,16,0,0,0,177.4,420.65,0,0,0,0,0,0,0,0,0,0,0,0,2.03470564783844,2.77258872223978, , , ,3.17805383034795,1,0
3,54,33,0,5,47,2,13,0,1,2,1,0,1,0,13.9,32,0,20.25,0,732.2,1671.9,0,1125,0,0,0,0,0,1,1,0,1,0,2.63188884013665,3.46573590279973, ,3.00815479355255, ,3.85014760171006,3,0
1,10,28,0,9,75,4,1,0,0,1,1,1,1,1,6.2,27.5,42.4,40,36.3,45.95,225.85,373.15,340,290.65,0,1,1,1,1,1,1,1,1,1.82454929205105,3.31418600467253,3.74714836223791,3.68887945411394,3.59181774127081,4.31748811353631,4,1
3,12,31,0,8,18,4,4,0,0,1,0,1,0,0,3.7,0,24.3,0,0,48.55,0,243.4,0,0,0,0,0,1,0,0,0,0,1,1.30833281965018, ,3.1904763503465, , ,2.89037175789616,1,1
3,59,55,1,29,42,3,21,0,1,2,0,0,1,0,8.95,0,0,15.25,0,492.35,0,0,855,0,1,0,0,0,0,0,0,0,0,2.19165353228676, , ,2.72457950305342, ,3.73766961828337,2,0
3,8,35,0,6,31,5,7,0,0,1,1,1,0,1,4.4,17.25,35.65,0,42.05,34.65,155.15,237.8,0,288.25,1,1,1,1,1,1,1,1,1,1.48160454092422,2.84781214347737,3.57374914686031, ,3.73885938641896,3.43398720448515,4,1
3,32,33,0,1,38,1,12,0,1,1,0,0,1,0,7.3,0,0,33.75,0,231.45,0,0,1050,0,0,0,0,0,0,0,0,0,0,1.98787434815435, , ,3.51898041731854, ,3.63758615972639,1,0
1,9,28,1,8,28,3,4,0,0,3,0,1,0,0,4.5,0,28.5,0,0,36.45,0,230.3,0,0,1,0,0,1,0,0,0,1,1,1.50407739677627, ,3.3499040872746, , ,3.3322045101752,2,1
2,24,43,1,15,48,4,4,0,0,6,1,1,1,1,14.4,25.75,37.2,57.75,36.95,339.55,591.2,870.05,1415,901.6,1,1,1,1,1,1,1,1,1,2.66722820658195,3.24843462710975,3.6163087612791,4.0561233494019,3.60956564739421,3.87120101090789,4,0
3,58,61,0,42,101,4,18,0,1,1,0,0,1,0,16.35,0,0,17,0,956.85,0,0,925,0,1,0,0,1,0,0,0,0,0,2.79422789734326, , ,2.83321334405622, ,4.61512051684126,2,0
3,9,25,0,3,27,1,4,0,1,1,0,0,0,0,12.2,0,0,0,0,121.75,0,0,0,0,0,0,0,0,0,0,0,0,0,2.50143595173921, , , , ,3.29583686600433,1,1
3,52,54,0,7,59,3,22,0,0,1,1,0,1,1,15.25,32.5,0,21.75,39.3,800.25,1644.05,0,1055,1991.75,1,0,0,0,1,1,0,1,0,2.72457950305342,3.48124008933569, ,3.07961375753469,3.67122451887522,4.07753744390572,3,0
1,14,52,1,2,44,3,5,0,0,2,0,0,1,1,4.85,0,0,14.25,14.9,68.95,0,0,185,212.25,0,1,0,0,1,1,0,0,0,1.57897870494939, , ,2.65675690671466,2.70136121295141,3.78418963391826,3,0
3,12,36,1,4,205,4,10,0,1,4,0,1,0,1,5.95,0,38.3,0,32,53.75,0,433.05,0,397.3,1,1,1,1,0,0,0,0,1,1.78339121955754, ,3.6454498961866, ,3.46573590279973,5.32300997913841,2,1
1,67,40,1,14,59,3,11,0,0,2,1,0,1,0,27,30,0,19.75,0,1722.5,1959.95,0,1245,0,0,0,0,0,1,1,1,1,0,3.29583686600433,3.40119738166216, ,2.98315349134713, ,4.07753744390572,3,0
3,55,46,0,8,87,2,19,0,1,1,0,1,1,0,17.9,0,28,15.25,0,982.9,0,1449.6,785,0,0,0,0,1,0,0,1,1,1,2.88480071284671, ,3.3322045101752,2.72457950305342, ,4.46590811865458,1,0
3,5,44,1,2,83,3,14,0,1,3,1,0,1,1,4,26.25,0,20.25,21.95,32,131.95,0,50,80.35,0,1,0,1,1,1,1,1,0,1.38629436111989,3.26766598903763, ,3.00815479355255,3.08876713952118,4.4188406077966,3,1
2,10,40,0,6,22,3,6,0,1,1,0,0,0,0,5.05,0,0,0,0,59.95,0,0,0,0,0,0,0,1,0,0,0,0,0,1.61938824328727, , , , ,3.09104245335832,1,1
2,61,43,1,22,35,2,11,0,0,3,1,0,1,0,21.05,15.5,0,17.25,0,1264,933.8,0,1065,0,1,0,0,1,0,0,0,0,1,3.04690056012839,2.7408400239252, ,2.84781214347737, ,3.55534806148941,2,0
2,67,47,1,19,69,3,12,0,0,3,1,0,1,0,49.35,27,0,10.25,0,3235.55,1838.2,0,690,0,1,0,0,0,1,1,1,1,0,3.89893776587949,3.29583686600433, ,2.32727770558442, ,4.23410650459726,3,0
1,30,28,0,1,20,1,8,0,1,1,0,0,0,0,12.4,0,0,0,0,369.45,0,0,0,0,0,0,0,0,0,0,0,0,0,2.51769647261099, , , , ,2.99573227355399,1,1
1,72,75,0,37,33,1,44,1,1,1,1,0,1,0,49.3,31.75,0,26,0,3417.4,2254.15,0,1835,0,1,0,0,0,0,0,0,1,0,3.89792408104864,3.4578927253387, ,3.25809653802148, ,3.49650756146648,2,0
2,65,72,0,46,12,2,0,1,0,1,0,0,1,0,29.6,0,0,18,0,1872.8,0,0,1160,0,1,0,0,0,0,1,1,1,0,3.38777436133001, , ,2.89037175789616, ,2.484906649788,3,0
1,34,33,0,8,35,3,2,0,1,1,0,0,0,0,7.5,0,0,0,0,258.4,0,0,0,0,1,0,0,0,0,0,0,0,0,2.01490302054226, , , , ,3.55534806148941,2,1
2,36,45,0,22,117,3,15,0,1,1,0,0,0,0,10.5,0,0,0,0,429.1,0,0,0,0,1,0,0,0,0,0,0,0,1,2.35137525716348, , , , ,4.76217393479776,2,0
1,16,54,0,20,147,1,29,0,0,4,1,0,1,0,6.95,23.25,0,6.5,0,98.5,357.95,0,90,0,0,0,0,0,1,1,1,1,0,1.9387416595767,3.14630513203337, ,1.87180217690159, ,4.99043258677874,3,0
3,56,30,1,9,57,5,2,0,0,4,0,1,1,0,16.85,0,36.7,6.5,0,948.3,0,1984.15,365,0,1,1,0,1,0,0,0,0,1,2.82435065679837, ,3.60277675506052,1.87180217690159, ,4.04305126783455,2,0
2,48,34,0,7,42,3,2,0,1,1,0,0,1,0,14.15,0,0,8,0,678.3,0,0,355,0,1,0,0,0,0,1,0,0,0,2.64971462408925, , ,2.07944154167984, ,3.73766961828337,2,0
2,54,42,1,0,55,4,2,0,0,5,1,1,1,1,14.3,55.5,62.15,19.25,83.7,695.2,3086.35,3277.85,1050,4138.55,1,1,1,1,1,1,1,1,1,2.66025953726586,4.01638302075239,4.12955081795672,2.95751106073379,4.42723897749543,4.00733318523247,4,1
2,25,55,0,15,37,1,7,0,1,1,0,0,0,0,10.95,0,0,0,0,302.8,0,0,0,0,0,0,0,0,0,0,0,0,0,2.39333945626251, , , , ,3.61091791264422,1,1
1,72,62,1,35,163,5,31,0,0,2,1,1,1,1,28.35,32.75,45.15,39.75,56.55,2017.6,2276.3,3225.45,2845,4109.9,1,1,1,1,1,1,1,1,0,3.34462703017376,3.48890296208126,3.80999027986299,3.68260984110034,4.03512520256213,5.09375020080676,4,0
1,30,51,1,9,118,5,21,0,1,2,0,0,0,0,6.4,0,0,0,0,201.4,0,0,0,0,0,0,0,0,0,0,0,0,0,1.85629799036563, , , , ,4.77068462446567,1,0
1,22,44,1,19,37,4,1,0,0,2,1,0,1,0,14.3,35.25,0,18.5,0,332.9,702.05,0,370,0,1,1,0,0,1,1,1,1,0,2.66025953726586,3.56246552925828, ,2.91777073208428, ,3.61091791264422,3,0
2,19,32,0,12,71,4,5,0,1,1,1,1,1,1,5.25,21.5,62.4,17,47.8,97.4,419.25,1142.55,275,928.45,1,1,1,1,1,1,1,1,1,1.65822807660353,3.06805293513362,4.13356527537538,2.83321334405622,3.86702563949741,4.26267987704132,4,1
1,9,37,1,10,14,4,5,0,1,6,0,1,0,0,2.4,0,25.25,0,0,22.6,0,183.25,0,0,0,0,0,0,1,0,0,0,0,.8754687373539, ,3.22882615572137, , ,2.63905732961526,1,1
3,10,28,1,2,36,4,0,0,1,3,1,1,0,1,6.3,19.75,27.35,0,22.65,67.5,175.15,239.4,0,205.15,0,1,1,1,1,1,1,1,1,1.84054963339749,2.98315349134713,3.30871652886799, ,3.12015985192904,3.58351893845611,4,0
1,25,28,1,6,41,4,4,0,1,4,1,1,1,1,5.8,14.25,33.85,31.5,26.6,138.85,363.75,849.85,775,616.55,0,1,0,0,0,1,1,1,1,1.75785791755237,2.65675690671466,3.52193899935828,3.44998754583159,3.28091121578765,3.71357206670431,3,1
1,27,67,0,1,33,4,19,1,1,1,1,1,1,0,3.6,17.75,32.35,12,0,136.9,481.7,807.75,320,0,1,1,0,0,0,1,1,1,0,1.28093384546206,2.87638551592142,3.47661402094691,2.484906649788, ,3.49650756146648,3,1
2,17,41,1,9,28,4,3,0,0,6,0,0,1,0,1.8,0,0,10,0,27.1,0,0,140,0,0,0,0,0,1,1,0,0,0,.587786664902119, , ,2.30258509299405, ,3.3322045101752,1,0
1,8,42,1,2,129,4,17,0,1,3,0,0,0,0,6.1,0,0,0,0,63.8,0,0,0,0,0,0,0,1,0,0,0,1,1,1.80828877117927, , , , ,4.85981240436167,1,0
3,59,57,0,26,311,3,36,0,1,1,0,0,1,0,28.75,0,0,7.5,0,1719.2,0,0,415,0,0,0,0,0,0,0,0,0,0,3.35863776724336, , ,2.01490302054226, ,5.73979291217923,1,0
1,66,62,0,31,47,2,4,0,1,1,1,0,1,0,34.25,21,0,20,0,2298.25,1425.35,0,1355,0,1,0,0,0,0,0,0,0,0,3.53368656470823,3.04452243772342, ,2.99573227355399, ,3.85014760171006,2,0
1,15,38,1,11,46,5,11,0,0,3,0,0,0,0,3.85,0,0,0,0,56.3,0,0,0,0,0,0,0,0,1,0,0,0,0,1.34807314829969, , , , ,3.8286413964891,1,1
3,38,33,0,4,19,2,5,0,1,2,1,0,0,0,8.5,14.25,0,0,0,323.85,590.45,0,0,0,0,0,0,0,1,1,0,0,0,2.14006616349627,2.65675690671466, , , ,2.94443897916644,3,0
3,60,57,1,18,72,5,30,1,0,2,1,1,1,1,20.35,29,50.25,20.5,55.9,1263.9,1806.85,3005.2,1140,3353.5,1,1,1,1,1,1,1,1,1,3.0130809118886,3.36729582998647,3.91701054693918,3.02042488614436,4.02356438016105,4.27666611901606,4,0
1,42,42,1,9,41,2,13,0,0,8,1,0,0,0,15,29.25,0,0,0,597.2,1250.1,0,0,0,0,1,0,0,0,1,1,0,0,2.70805020110221,3.37587957367787, , , ,3.71357206670431,3,0
3,48,50,1,4,208,4,19,0,1,2,1,1,1,1,12.9,22.75,43.2,12,41.25,652.9,1108.9,1913.55,570,1905.85,1,1,1,1,1,1,0,1,1,2.55722731136763,3.12456514539696,3.76584049525006,2.484906649788,3.71965111278069,5.33753807970132,4,1
3,45,27,1,3,39,3,2,0,0,4,0,0,0,0,13.45,0,0,0,0,583.9,0,0,0,0,1,0,0,0,0,0,1,0,0,2.59897910604785, , , , ,3.66356164612965,2,0
1,6,29,1,4,19,2,5,0,1,2,0,0,0,0,4.2,0,0,0,0,25.25,0,0,0,0,0,0,0,0,0,0,0,0,0,1.43508452528932, , , , ,2.94443897916644,1,0
3,72,68,1,26,59,2,36,1,1,2,1,1,1,1,58.65,24,38.2,20.25,48.85,4219.1,1818,2706.6,1335,3401.6,1,1,0,1,1,1,1,1,0,4.07158757509948,3.17805383034795,3.64283551561253,3.00815479355255,3.88875437848879,4.07753744390572,4,0
3,20,51,1,11,27,4,6,0,0,3,1,0,1,0,9.05,24.75,0,11.5,0,182.95,490.25,0,215,0,0,0,0,0,1,1,1,1,1,2.20276475771183,3.2088254890147, ,2.4423470353692, ,3.29583686600433,3,0
3,32,47,0,25,135,2,6,0,1,1,0,0,0,0,10.5,0,0,0,0,353,0,0,0,0,0,0,0,1,0,0,0,0,0,2.35137525716348, , , , ,4.90527477843843,1,0
1,24,25,1,3,28,4,0,0,0,3,0,1,1,1,10.6,0,40.4,25.25,23.4,267.3,0,920.15,530,533.85,1,0,1,1,0,0,0,0,1,2.36085400111802, ,3.6988297849671,3.22882615572137,3.15273602236366,3.3322045101752,2,0
3,54,59,0,28,28,2,15,0,0,1,0,1,1,1,10.7,0,31.65,5.25,19.05,638.55,0,1717.7,290,894.1,1,0,0,1,1,0,0,1,0,2.37024374146786, ,3.45473814859019,1.65822807660353,2.94706710157271,3.3322045101752,2,0
1,19,35,0,7,58,3,5,0,1,1,1,1,1,1,3.65,37,40.3,21.25,43.05,65.15,690.85,742.95,385,741.65,1,1,1,1,1,1,1,1,0,1.2947271675944,3.61091791264422,3.69635146895264,3.05635689537043,3.76236223087374,4.06044301054642,4,1
1,24,61,1,6,112,4,3,0,1,4,0,0,1,0,8.2,0,0,11,0,210.25,0,0,265,0,0,0,0,1,0,0,0,0,1,2.10413415427021, , ,2.39789527279837, ,4.71849887129509,1,1
2,14,40,0,13,398,5,11,0,1,1,1,1,1,1,6.4,18,43.1,23.75,47.7,71,259,597.8,295,644.35,1,1,1,1,1,1,1,1,1,1.85629799036563,2.89037175789616,3.7635229971097,3.16758253048065,3.8649313978943,5.98645200528444,4,1
2,30,74,1,12,10,1,3,1,1,2,1,0,1,0,7.25,30.25,0,17.25,0,225.3,906,0,585,0,0,0,0,0,1,1,1,1,0,1.98100146886658,3.40949618447685, ,2.84781214347737, ,2.30258509299405,3,0
2,42,50,1,17,85,2,15,0,1,4,0,0,1,0,14.3,0,0,11.5,0,567.95,0,0,485,0,0,0,0,0,0,0,0,0,0,2.66025953726586, , ,2.4423470353692, ,4.44265125649032,1,0
1,4,22,1,1,22,2,2,0,1,3,0,0,1,0,2.25,0,0,23.5,0,8,0,0,85,0,0,0,0,0,1,0,1,1,0,.810930216216329, , ,3.15700042115011, ,3.09104245335832,3,0
3,49,63,0,18,10,2,2,1,0,1,1,0,1,0,13.9,33.25,0,12.75,0,668.95,1624.6,0,615,0,0,0,0,0,1,1,1,1,0,2.63188884013665,3.50405476710186, ,2.54553127160444, ,2.30258509299405,3,0
3,70,50,1,29,67,1,22,0,0,4,0,0,1,0,51.9,0,0,15.75,0,3438.4,0,0,1075,0,1,0,0,0,0,0,0,0,0,3.94931879017184, , ,2.75684036527164, ,4.20469261939097,2,0
2,28,48,0,20,128,4,4,0,1,1,1,1,1,1,10,20.75,53.6,26.5,55.3,313.05,590.9,1481.35,710,1424.2,0,1,1,1,1,1,1,1,1,2.30258509299405,3.03254624667671,3.98154906807676,3.27714473299218,4.01277290852829,4.85203026391962,4,1
2,27,35,0,12,56,1,3,0,1,1,1,1,1,1,8.25,32.5,35.65,11,33.85,202.55,897.95,903.25,205,805.95,0,1,1,0,1,1,1,1,1,2.11021320034659,3.48124008933569,3.57374914686031,2.39789527279837,3.52193899935828,4.02535169073515,4,0
1,4,37,1,8,25,1,1,0,1,5,0,0,0,0,2.5,0,0,0,0,9.15,0,0,0,0,0,0,0,0,0,0,0,0,0,.916290731874155, , , , ,3.2188758248682,1,0
3,71,40,1,19,53,4,14,0,1,2,1,0,1,1,10.15,40,0,27.75,38.35,781.7,2912.3,0,2030,2590.65,1,0,1,1,1,1,1,1,0,2.3174737054878,3.68887945411394, ,3.32323584019244,3.64675452781327,3.97029191355212,4,0
3,24,48,1,3,38,1,16,0,1,2,0,0,1,0,5.55,0,0,11.25,0,133.4,0,0,265,0,0,0,0,0,0,0,0,0,0,1.71379792775834, , ,2.42036812865043, ,3.63758615972639,1,0
2,59,54,0,32,126,1,22,0,1,1,1,0,1,0,13.6,28.75,0,11.75,0,796.4,1625.1,0,660,0,0,0,0,0,1,1,1,1,0,2.61006979274201,3.35863776724336, ,2.46385324059017, ,4.83628190695148,3,0
3,44,37,1,1,41,4,8,0,1,6,0,0,0,0,9.15,0,0,0,0,387.95,0,0,0,0,1,1,0,1,0,0,0,0,1,2.21375387928743, , , , ,3.71357206670431,2,0
2,58,46,1,23,23,1,2,0,1,2,0,1,1,0,11.1,0,25.6,10.5,0,620.75,0,1471.4,625,0,0,0,0,1,0,0,0,0,0,2.40694510831829, ,3.24259235148552,2.35137525716348, ,3.13549421592915,1,0
2,16,33,0,1,30,3,7,0,0,4,1,1,1,1,9.25,21,41.4,17.75,41,138.5,282.3,634.1,265,595.3,0,1,0,0,1,1,1,1,0,2.22462355152433,3.04452243772342,3.72328088083127,2.87638551592142,3.71357206670431,3.40119738166216,3,1
1,60,53,0,22,171,1,37,0,1,1,1,0,1,0,9.9,31.75,0,18,0,608.65,1972.1,0,1070,0,0,0,0,0,1,1,1,1,0,2.29253475714054,3.4578927253387, ,2.89037175789616, ,5.14166355650266,3,0
2,33,39,0,17,27,4,3,0,1,1,1,1,1,1,9.7,21.75,41.75,8.5,61.6,294.8,680.3,1342.05,255,2019.75,1,1,1,1,0,1,0,0,1,2.27212588550934,3.07961375753469,3.73169945129686,2.14006616349627,4.12066187053947,3.29583686600433,4,0
1,66,54,1,8,591,4,25,0,1,2,1,1,1,1,25,34.25,45,16,53,1636.25,2242.55,2816.25,1005,3538.5,1,1,1,0,1,1,1,1,0,3.2188758248682,3.53368656470823,3.80666248977032,2.77258872223978,3.97029191355212,6.3818160174061,4,0
2,22,28,1,0,36,4,0,0,0,4,1,1,1,1,9.7,21.5,39.9,9.5,42.9,220.75,480.1,857.2,175,883.2,1,0,1,1,1,1,1,1,1,2.27212588550934,3.06805293513362,3.68637632389582,2.2512917986065,3.75887182593397,3.58351893845611,4,0
1,52,49,0,18,69,2,13,0,1,2,0,0,1,1,18.35,0,0,19,34.5,893.25,0,0,935,1711.7,0,0,0,0,1,1,1,1,0,2.90962957450058, , ,2.94443897916644,3.54095932403731,4.23410650459726,3,0
3,72,66,0,26,67,2,37,1,1,1,1,0,1,0,39.1,65,0,39.75,0,2743.65,4748.45,0,2830,0,1,0,0,0,1,1,1,1,0,3.66612246699132,4.17438726989564, ,3.68260984110034, ,4.20469261939097,3,0
2,29,26,0,1,22,4,2,0,1,1,0,1,1,1,6.1,0,47,24.25,35.55,175.3,0,1265.65,710,965.9,1,1,1,1,1,0,1,1,1,1.80828877117927, ,3.85014760171006,3.18841661738349,3.57094015624925,3.09104245335832,4,1
2,56,54,0,25,147,3,31,0,1,1,1,1,1,1,12.7,24.5,39.05,24.25,34.2,763.1,1348.15,2108.1,1310,1848.85,1,0,1,1,1,0,0,0,1,2.54160199346455,3.19867311755068,3.66484287628569,3.18841661738349,3.53222564406856,4.99043258677874,2,0
3,28,22,1,3,23,3,1,0,0,5,0,0,0,0,10.95,0,0,0,0,263.95,0,0,0,0,0,0,0,0,1,0,0,0,1,2.39333945626251, , , , ,3.13549421592915,1,0
3,65,39,1,18,32,2,15,0,0,4,0,0,1,0,21.1,0,0,9.75,0,1432.8,0,0,585,0,0,0,0,0,1,0,1,0,0,3.04927304048202, , ,2.27726728500976, ,3.46573590279973,3,0
3,28,36,0,8,57,2,13,0,1,2,1,0,1,0,9.6,21.75,0,17.25,0,272.85,607.95,0,435,0,0,0,0,0,1,1,1,1,0,2.26176309847379,3.07961375753469, ,2.84781214347737, ,4.04305126783455,3,0
3,67,52,0,13,248,2,20,0,1,3,1,1,1,0,35.85,39.75,34.3,22.25,0,2368.9,2522.75,2170.85,1435,0,1,0,0,0,1,0,1,1,0,3.57934356704563,3.68260984110034,3.53514535417189,3.10234200861225, ,5.51342874616498,3,0
3,48,35,0,10,24,2,6,0,0,1,1,0,1,0,16.95,43,0,28.5,0,874.45,2007.4,0,1270,0,0,0,0,0,1,0,1,1,0,2.83026783382646,3.76120011569356, ,3.3499040872746, ,3.17805383034795,3,0
2,17,28,0,3,37,3,2,0,1,1,0,0,0,0,5.5,0,0,0,0,84.25,0,0,0,0,1,0,0,0,0,0,1,1,0,1.70474809223843, , , , ,3.61091791264422,3,1
2,25,51,0,9,66,4,13,0,0,2,1,1,1,1,6.45,16.25,48.15,31,34.55,140.85,415.55,1202.65,790,828.25,1,1,1,1,1,1,1,1,1,1.86408013080768,2.78809290877575,3.87432113824413,3.43398720448515,3.54240755021368,4.18965474202643,4,0
2,59,49,0,28,429,4,23,0,1,2,1,1,1,1,10.2,24.25,42.85,16,43.35,592.2,1524.8,2444.7,885,2450.9,1,0,1,0,1,0,1,1,1,2.32238772029023,3.18841661738349,3.75770564504379,2.77258872223978,3.76930670322655,6.06145691892802,4,1
2,50,68,1,32,262,3,28,0,0,2,1,1,1,1,12.4,20.5,40.8,18.25,25.15,601.1,993.65,2025.25,870,1217.35,0,0,0,1,1,0,1,1,1,2.51769647261099,3.02042488614436,3.70868208141012,2.9041650800285,3.22485789654575,5.5683445037611,3,0
1,17,19,0,0,18,2,0,0,1,2,0,1,0,0,7.1,0,24.95,0,0,120.35,0,401.8,0,0,1,0,0,1,0,0,0,0,1,1.96009478404727, ,3.21687382219753, , ,2.89037175789616,2,1
2,68,57,1,38,33,1,9,0,1,2,0,0,1,0,13.5,0,0,19,0,901,0,0,1240,0,1,0,0,0,0,0,0,0,0,2.60268968544438, , ,2.94443897916644, ,3.49650756146648,2,0
1,30,24,1,3,30,1,7,0,1,5,0,0,0,0,6.75,0,0,0,0,171.75,0,0,0,0,0,0,0,0,0,0,0,0,0,1.90954250488444, , , , ,3.40119738166216,1,1
2,10,20,1,1,20,2,0,0,1,4,0,0,0,0,5.9,0,0,0,0,48.95,0,0,0,0,0,0,0,0,0,0,0,0,0,1.77495235091167, , , , ,2.99573227355399,1,1
2,34,24,1,5,17,4,0,0,1,2,0,0,1,0,15.25,0,0,4.75,0,522.45,0,0,150,0,0,0,0,0,1,0,0,1,0,2.72457950305342, , ,1.55814461804655, ,2.83321334405622,3,0
3,31,37,1,15,18,4,5,0,0,3,1,1,1,1,5.2,19.5,47.25,15.75,39.8,151.7,611.1,1457.95,460,1170.3,0,1,1,1,1,0,1,0,1,1.64865862558738,2.9704144655697,3.85545265393975,2.75684036527164,3.68386691229039,2.89037175789616,4,0
2,48,42,0,21,46,4,4,0,0,1,0,0,1,0,14.45,0,0,41.5,0,618.1,0,0,1935,0,0,0,0,0,0,1,1,0,0,2.67069441455844, , ,3.72569342723665, ,3.8286413964891,3,0
3,20,41,1,19,58,2,6,0,1,2,0,0,0,0,5.25,0,0,0,0,98.2,0,0,0,0,1,0,0,0,0,0,0,0,0,1.65822807660353, , , , ,4.06044301054642,2,0
2,6,21,0,0,15,2,1,0,1,1,0,0,0,0,3.65,0,0,0,0,19.4,0,0,0,0,0,0,0,0,0,0,0,0,0,1.2947271675944, , , , ,2.70805020110221,1,0
1,21,43,0,13,41,2,1,0,1,1,1,1,1,1,6.15,23.75,45.4,12.25,37.25,118.15,497.15,878.6,195,763.5,1,1,1,1,1,1,1,1,1,1.81645208181843,3.16758253048065,3.8155121050473,2.50552593699074,3.61765194482557,3.71357206670431,4,1
3,65,56,1,19,608,3,34,0,1,2,1,0,1,1,14.55,69.5,0,20.25,68.3,964.85,4584.8,0,1300,4325.6,0,1,1,0,1,1,1,1,0,2.6775909936175,4.24132675257075, ,3.00815479355255,4.22390976657674,6.41017488196617,4,0
3,4,30,0,0,41,2,0,0,0,2,0,0,0,0,2,0,0,0,0,9.9,0,0,0,0,0,0,0,0,1,1,1,0,0,.693147180559945, , , , ,3.71357206670431,3,1
2,22,35,0,12,28,2,3,0,0,2,0,0,0,0,6.6,0,0,0,0,180.55,0,0,0,0,1,0,1,1,0,0,0,0,0,1.88706964903238, , , , ,3.3322045101752,2,1
1,50,28,0,6,28,1,10,0,1,1,1,1,1,1,6.4,17.25,36.85,12.75,22,330.95,851.7,1869.4,600,997,1,0,0,0,0,1,1,1,0,1.85629799036563,2.84781214347737,3.60685561863535,2.54553127160444,3.09104245335832,3.3322045101752,3,0
3,4,28,0,0,39,2,3,0,1,1,1,0,1,0,7.1,15,0,12.75,0,23.8,70.45,0,25,0,0,0,0,0,1,1,1,0,0,1.96009478404727,2.70805020110221, ,2.54553127160444, ,3.66356164612965,3,1
3,7,31,1,12,31,2,7,0,1,6,0,0,0,0,5.05,0,0,0,0,38.05,0,0,0,0,0,0,0,0,0,0,0,0,1,1.61938824328727, , , , ,3.43398720448515,1,1
2,19,23,1,4,37,3,1,0,1,4,1,1,0,0,8.4,17.5,24.8,0,0,136.05,302.5,446,0,0,0,0,0,0,1,1,0,1,0,2.12823170584927,2.86220088092947,3.21084365317094, , ,3.61091791264422,3,1
3,65,64,0,20,88,3,26,0,1,1,1,1,1,1,15.1,36.25,39.9,24,48.8,1017.9,2202.45,2534.25,1620,3242.75,1,1,1,1,1,1,1,1,1,2.71469474382088,3.59043938130068,3.68637632389582,3.17805383034795,3.8877303128591,4.47733681447821,4,1
3,8,42,0,3,66,3,10,0,0,1,0,0,1,1,1.95,0,0,27.5,21.5,16.85,0,0,185,157.55,0,1,0,1,1,1,1,1,1,.667829372575655, , ,3.31418600467253,3.06805293513362,4.18965474202643,4,0
3,18,34,1,4,42,2,14,0,1,5,1,0,1,0,6.45,19,0,17,0,104.05,318.75,0,240,0,0,1,1,0,1,1,1,1,0,1.86408013080768,2.94443897916644, ,2.83321334405622, ,3.73766961828337,4,0
3,70,36,0,8,50,1,15,0,1,1,0,0,1,0,20.55,0,0,20.75,0,1407.15,0,0,1370,0,1,0,0,0,0,0,0,0,0,3.02286094094224, , ,3.03254624667671, ,3.91202300542815,2,0
3,70,59,0,27,85,1,19,0,1,1,1,0,1,0,38.9,62.5,0,62,0,2711,4387.3,0,4220,0,0,0,0,0,1,1,1,1,0,3.6609942506244,4.13516655674236, ,4.12713438504509, ,4.44265125649032,3,0
3,54,32,1,12,27,1,9,0,0,2,0,0,1,0,33.95,0,0,24.25,0,1801.3,0,0,1300,0,1,0,0,0,0,0,0,0,0,3.52488885400471, , ,3.18841661738349, ,3.29583686600433,2,0
3,71,53,1,29,48,4,0,0,1,2,1,0,1,0,34.95,28.75,0,36,0,2506.05,2074.75,0,2560,0,1,0,0,0,0,1,1,1,0,3.55391846867982,3.35863776724336, ,3.58351893845611, ,3.87120101090789,3,0
1,18,45,1,17,43,1,9,0,0,3,1,0,1,0,4.45,17,0,13.75,0,78.65,287.3,0,245,0,0,0,0,0,1,1,1,0,0,1.49290409617815,2.83321334405622, ,2.62103882411258, ,3.76120011569356,3,0
3,38,30,1,6,22,2,3,0,1,2,0,0,1,0,5.6,0,0,12.25,0,215.05,0,0,455,0,1,0,0,1,0,0,0,0,1,1.7227665977411, , ,2.50552593699074, ,3.09104245335832,2,0
1,46,48,1,12,256,3,25,0,0,6,1,1,1,1,13.8,31.75,43.65,18.75,66,612.55,1449,1961.75,835,3064.75,1,1,1,1,1,1,1,1,0,2.62466859216316,3.4578927253387,3.77620328228561,2.93119375241642,4.18965474202643,5.54517744447956,4,0
2,23,31,0,10,45,4,0,0,0,2,1,0,0,0,5,11.75,0,0,0,119.5,275.05,0,0,0,1,0,0,1,0,0,0,0,1,1.6094379124341,2.46385324059017, , , ,3.80666248977032,2,0
2,50,54,0,15,248,3,28,0,1,1,1,0,1,1,11.05,17.25,0,5.5,29.15,497.9,833.85,0,270,1453.85,1,0,0,0,1,1,1,0,0,2.40243042796376,2.84781214347737, ,1.70474809223843,3.3724549127965,5.51342874616498,3,0
2,14,34,1,4,27,4,1,0,1,2,1,1,1,1,6.05,23.5,36.25,20.5,37.85,90.2,313.8,454.45,260,474,0,1,1,1,1,0,1,1,1,1.80005827204275,3.15700042115011,3.59043938130068,3.02042488614436,3.63363097988346,3.29583686600433,4,0
3,22,47,1,0,44,4,11,0,1,3,1,1,1,1,9,21.25,50.75,57.25,57,194.55,466.9,1053.1,1220,1264.05,1,1,1,1,1,1,1,1,1,2.19722457733622,3.05635689537043,3.9269116179219,4.04742764243435,4.04305126783455,3.78418963391826,4,1
3,59,26,1,3,41,4,1,0,1,3,0,1,1,1,12.65,0,35.1,46.75,29.15,804,0,2099.25,2710,1707.1,1,0,0,1,0,0,0,0,0,2.53765721517353, ,3.55820113047182,3.8448142557347,3.3724549127965,3.71357206670431,2,1
3,9,40,0,13,38,4,7,0,1,1,1,1,1,1,3.35,21,42.4,17.5,59.55,37.7,179.8,329.05,125,482.1,0,1,1,1,1,1,1,1,1,1.20896034583698,3.04452243772342,3.74714836223791,2.86220088092947,4.08681629580131,3.63758615972639,4,1
2,24,44,0,19,33,3,0,0,1,2,0,1,0,0,4.65,0,26.65,0,0,100.95,0,568.2,0,0,0,0,0,0,0,0,0,1,1,1.53686721959927, ,3.28278915061185, , ,3.49650756146648,1,0
1,26,47,0,13,54,3,0,0,0,1,1,1,1,1,7.1,16,38.5,18,23.5,205.4,484.9,946.85,435,547.75,1,1,0,1,0,0,0,1,1,1.96009478404727,2.77258872223978,3.65065824129374,2.89037175789616,3.15700042115011,3.98898404656427,2,0
2,20,46,0,2,23,5,4,0,1,2,0,0,0,0,4.75,0,0,0,0,82.3,0,0,0,0,1,1,0,1,1,1,1,0,1,1.55814461804655, , , , ,3.13549421592915,4,0
3,58,53,0,19,207,3,12,0,1,1,1,1,1,1,7.3,29.5,51.2,22,62.8,447.15,1653.9,2986.65,1250,3613.3,1,1,1,1,1,1,1,1,1,1.98787434815435,3.38439026334577,3.93573953204546,3.09104245335832,4.13995507347415,5.33271879326537,4,1
2,52,39,0,6,119,3,18,0,1,1,1,0,1,0,10.5,25,0,8.25,0,556.5,1280.9,0,450,0,0,0,1,0,0,0,0,0,1,2.35137525716348,3.2188758248682, ,2.11021320034659, ,4.77912349311153,1,0
2,19,46,0,5,59,3,17,0,0,1,1,0,0,0,5.6,9,0,0,0,97.25,191.25,0,0,0,0,0,0,0,1,0,0,1,0,1.7227665977411,2.19722457733622, , , ,4.07753744390572,1,0
1,49,35,1,15,113,4,4,0,0,5,0,0,0,0,16.1,0,0,0,0,818.45,0,0,0,0,1,0,0,0,0,0,0,0,1,2.77881927199042, , , , ,4.72738781871234,2,0
2,18,69,0,28,11,1,17,1,0,1,0,0,0,0,3.85,0,0,0,0,62.75,0,0,0,0,0,0,0,0,0,0,0,0,0,1.34807314829969, , , , ,2.39789527279837,1,0
3,17,50,0,2,205,5,19,0,0,1,1,1,0,1,6.95,21.25,37.95,0,36.65,121.45,371.2,523.75,0,620.3,1,1,1,1,0,1,1,1,1,1.9387416595767,3.05635689537043,3.63626950384164, ,3.60141342833266,5.32300997913841,4,1
2,8,39,0,0,39,1,7,0,1,1,1,0,0,0,3.15,10.75,0,0,0,29.05,83.55,0,0,0,0,0,0,0,0,0,0,0,0,1.14740245283754,2.37490575457367, , , ,3.66356164612965,1,0
1,71,55,1,11,198,1,31,0,1,3,1,0,1,0,17.8,44.25,0,32,0,1218,3058.5,0,2305,0,1,1,0,0,1,1,1,1,0,2.87919845729804,3.78985537145394, ,3.46573590279973, ,5.28826703069454,3,0
3,70,68,0,21,1131,2,45,0,0,1,1,0,1,1,14.85,57.5,0,15,39.5,1104.4,3926.65,0,990,2798.25,1,0,1,0,1,1,1,1,0,2.69799986524871,4.0517849478033, ,2.70805020110221,3.67630067190708,7.03085747611612,3,0
1,50,52,1,22,162,2,27,0,1,2,1,1,1,1,12.85,24.25,49.2,14.25,42.85,599.05,1238.2,2498.35,725,2032.3,1,1,1,0,1,1,1,1,1,2.55334381134123,3.18841661738349,3.89589362349826,2.65675690671466,3.75770564504379,5.08759633523238,4,0
3,15,26,0,1,38,4,1,0,0,2,0,1,0,0,7.4,0,35.4,0,0,91.7,0,483.5,0,0,1,1,0,1,1,0,1,0,1,2.00148000021012, ,3.56671182013973, , ,3.63758615972639,4,1
2,69,47,1,10,159,2,24,0,0,4,0,0,1,0,25.2,0,0,36.25,0,1714.7,0,0,2470,0,0,0,0,0,1,0,1,0,0,3.22684399451738, , ,3.59043938130068, ,5.06890420222023,3,1
1,19,25,1,6,27,4,0,0,1,2,1,0,1,0,9.55,20.5,0,34.75,0,172.55,398.95,0,620,0,0,1,0,0,1,1,1,1,0,2.25654115449264,3.02042488614436, ,3.5481795720108, ,3.29583686600433,3,1
3,51,49,0,29,45,1,16,0,0,1,0,0,1,0,15.7,0,0,8.5,0,815.05,0,0,400,0,0,0,0,0,0,1,0,0,0,2.75366071235426, , ,2.14006616349627, ,3.80666248977032,1,0
3,26,55,1,13,61,1,26,0,0,2,1,0,1,0,4.25,29,0,12,0,102.45,729.15,0,300,0,0,0,0,0,1,1,1,1,0,1.44691898293633,3.36729582998647, ,2.484906649788, ,4.11087386417331,3,0
2,72,53,0,12,152,2,32,0,1,1,1,0,1,1,43.25,50.5,0,19.25,44.9,3115,3669,0,1315,3120.35,1,0,1,1,1,1,1,0,0,3.76699723337789,3.92197333628131, ,2.95751106073379,3.80443779474821,5.02388052084628,4,0
2,54,50,1,5,151,4,20,0,0,3,1,0,1,1,21.95,40.25,0,25.75,21.8,1248.25,2030.2,0,1355,1121.05,1,0,0,0,1,1,1,1,0,3.08876713952118,3.69511000386457, ,3.24843462710975,3.08190996979504,5.01727983681492,3,0
1,20,25,1,4,33,4,0,0,1,3,1,0,1,1,4.55,16,0,19.25,27.05,115.65,288.75,0,365,511.25,0,0,0,1,1,0,1,0,1,1.51512723296286,2.77258872223978, ,2.95751106073379,3.29768700529249,3.49650756146648,1,0
1,61,59,0,26,89,1,40,1,1,1,1,0,1,0,17.35,35,0,29.25,0,988.8,2166.8,0,1805,0,0,0,0,0,1,1,0,1,0,2.85359250639287,3.55534806148941, ,3.37587957367787, ,4.48863636973214,3,0
3,16,48,0,25,59,2,13,0,0,2,1,0,1,0,7.85,20.25,0,14,0,104.9,349.4,0,180,0,0,0,0,0,1,1,1,1,0,2.06051353179432,3.00815479355255, ,2.63905732961526, ,4.07753744390572,3,1
2,53,37,1,18,25,3,6,0,1,2,0,1,1,0,9.95,0,28.65,23.5,0,558.15,0,1533.1,1170,0,1,0,0,1,0,0,0,0,1,2.2975725511705, ,3.35515344316075,3.15700042115011, ,3.2188758248682,2,1
2,25,38,1,19,56,1,19,0,1,2,0,1,1,1,10.55,0,31.95,32.75,23.65,290.25,0,732.95,770,578.45,0,1,0,0,1,0,0,1,0,2.35612585992208, ,3.46417218082354,3.48890296208126,3.16336311493794,4.02535169073515,3,0
1,22,33,1,13,119,5,0,0,1,4,1,1,0,1,4.3,23.25,51.6,0,60.35,88.5,520.45,1013.3,0,1230.7,1,1,1,1,1,1,0,1,1,1.45861502269952,3.14630513203337,3.94352167248752, ,4.10016094754354,4.77912349311153,4,1
3,66,50,1,2,333,5,24,0,0,2,0,0,1,0,10.3,0,0,14.25,0,659.55,0,0,975,0,1,0,1,1,0,0,0,0,0,2.33214389523559, , ,2.65675690671466, ,5.80814248998044,2,0
2,38,49,1,3,33,4,11,0,0,4,0,1,0,1,6.85,0,42.1,0,25.15,285.55,0,1642.15,0,954,1,0,0,1,0,1,0,1,1,1.92424865227413, ,3.74004774068834, ,3.22485789654575,3.49650756146648,2,0
3,44,39,1,8,41,2,8,0,0,4,1,0,1,0,7.55,16.25,0,10.25,0,353.3,638.25,0,490,0,0,1,1,1,1,1,1,1,1,2.02154756326093,2.78809290877575, ,2.32727770558442, ,3.71357206670431,4,0
3,10,23,0,1,29,4,0,0,1,1,1,1,1,1,4.95,32,53.25,35.75,50.45,62.1,323.8,420.55,285,416,1,1,1,1,1,1,1,1,1,1.5993875765806,3.46573590279973,3.97499780458953,3.57655026914002,3.92098274679962,3.36729582998647,4,0
3,71,48,0,25,288,3,19,0,0,1,0,0,1,0,30.9,0,0,19.75,0,2123.6,0,0,1305,0,0,0,0,0,0,0,1,0,0,3.4307561839037, , ,2.98315349134713, ,5.66296048013595,1,0
3,6,20,0,0,25,2,0,0,1,2,1,0,1,0,1.9,20.75,0,15.5,0,19.3,114.4,0,95,0,0,0,0,0,1,1,1,1,0,.641853886172395,3.03254624667671, ,2.7408400239252, ,3.2188758248682,3,0
3,51,49,1,13,203,3,27,0,0,4,1,0,1,0,17.6,22,0,21.75,0,961.9,1125.25,0,1075,0,0,1,0,0,1,1,1,1,0,2.86789890204411,3.09104245335832, ,3.07961375753469, ,5.31320597904179,3,0
2,49,54,1,23,25,2,1,0,1,4,0,0,1,0,14.65,0,0,41.25,0,719.5,0,0,1980,0,0,0,0,0,0,0,0,0,0,2.68444033546308, , ,3.71965111278069, ,3.2188758248682,1,0
1,26,30,1,4,76,3,7,0,0,2,0,1,0,0,9.45,0,29.2,0,0,214.7,0,697.05,0,0,0,0,1,0,0,0,0,0,1,2.24601474150565, ,3.37416870927424, , ,4.33073334028633,1,0
3,51,45,1,4,46,3,6,0,0,2,1,1,1,1,20.7,34.75,48.65,32.25,48.65,1082.4,1711.75,2496.35,1600,2353.35,1,1,1,1,1,1,1,1,0,3.03013370027132,3.5481795720108,3.88465180863201,3.47351804324178,3.88465180863201,3.8286413964891,4,0
1,9,36,0,1,79,3,11,0,1,5,1,1,1,1,5.8,27.75,33.75,30.75,25.9,44.55,246,246.85,230,186.8,0,1,0,0,1,1,1,1,0,1.75785791755237,3.32323584019244,3.51898041731854,3.42588999425253,3.25424296870549,4.36944785246702,3,1
2,57,63,0,19,61,1,27,0,0,1,1,0,1,0,12.7,38.25,0,33.75,0,767.75,2239.7,0,1880,0,0,0,0,0,1,1,1,1,0,2.54160199346455,3.64414356027254, ,3.51898041731854, ,4.11087386417331,3,0
2,9,53,1,20,50,2,13,0,1,2,0,1,0,0,3.1,0,21.35,0,0,22,0,196.15,0,0,0,0,0,0,0,0,0,0,1,1.1314021114911, ,3.06105173967463, , ,3.91202300542815,1,1
3,72,53,0,34,108,1,23,0,0,1,1,0,1,1,32.55,35.5,0,14.75,40.75,2361.35,2535.4,0,1060,2886.05,1,0,0,0,1,1,1,1,0,3.48277736865458,3.56953269648137, ,2.69124308278583,3.70745583968687,4.68213122712422,3,0
2,57,51,0,10,46,1,13,0,0,1,0,0,1,0,15.1,0,0,7.5,0,901.05,0,0,395,0,1,0,0,1,0,0,0,1,0,2.71469474382088, , ,2.01490302054226, ,3.8286413964891,2,0
3,45,51,0,13,146,4,16,0,0,2,0,0,1,0,20.25,0,0,37.75,0,869.75,0,0,1640,0,0,0,0,0,0,0,0,0,1,3.00815479355255, , ,3.63098547569503, ,4.98360662170834,1,0
2,55,44,0,24,83,1,23,0,1,1,1,0,1,0,17.35,24.5,0,14.25,0,973.1,1343.5,0,720,0,0,0,0,0,0,0,1,1,0,2.85359250639287,3.19867311755068, ,2.65675690671466, ,4.4188406077966,3,0
3,1,20,0,1,18,3,0,0,0,1,0,1,0,1,4.2,0,34.05,0,16.85,4.2,0,34.05,0,16.85,0,1,0,1,0,0,0,1,1,1.43508452528932, ,3.52783003259552, ,2.82435065679837,2.89037175789616,1,1
3,14,37,1,5,48,3,1,0,1,4,1,0,0,0,4.9,14.5,0,0,0,78.2,230.35,0,0,0,0,0,0,0,0,0,0,0,0,1.58923520511658,2.67414864942653, , , ,3.87120101090789,1,0
3,24,30,0,0,25,4,5,0,0,2,1,0,1,1,8.7,47.75,0,32.75,64,186.6,1152.9,0,780,1542.9,0,1,1,1,1,1,1,1,1,2.16332302566054,3.86597906692674, ,3.48890296208126,4.15888308335967,3.2188758248682,4,1
1,4,30,0,1,45,4,6,0,0,3,0,1,1,0,3.65,0,34.2,29,0,8.85,0,116.2,80,0,0,1,0,1,1,0,1,1,1,1.2947271675944, ,3.53222564406856,3.36729582998647, ,3.80666248977032,4,1
1,44,56,0,4,63,2,6,0,1,1,1,0,0,0,7.5,20.25,0,0,0,342.2,861.95,0,0,0,1,0,0,0,1,1,0,0,0,2.01490302054226,3.00815479355255, , , ,4.14313472639153,3,1
2,61,50,1,16,190,2,22,0,1,2,0,1,1,1,16.85,0,42.55,26.5,44.1,1063.15,0,2544.35,1600,2540.2,1,0,0,1,0,0,1,0,1,2.82435065679837, ,3.75067985501938,3.27714473299218,3.7864597824528,5.24702407216049,2,0
3,26,54,1,30,26,3,1,0,1,2,1,0,1,1,5.2,23.5,0,23.75,39.25,149.2,670.1,0,610,1004.35,0,0,1,0,1,1,1,1,1,1.64865862558738,3.15700042115011, ,3.16758253048065,3.66995144422842,3.25809653802148,4,1
3,10,39,0,0,27,3,0,0,1,3,0,1,0,0,3,0,29.05,0,0,32.25,0,265.95,0,0,0,0,0,0,0,0,0,0,1,1.09861228866811, ,3.36901848329792, , ,3.29583686600433,1,0
3,67,59,0,40,944,5,33,0,1,1,1,1,1,1,26.75,32,54.55,35.75,65.8,1837.55,2117.65,3636.6,2360,4392.85,1,1,1,1,1,1,1,1,1,3.28653447334202,3.46573590279973,3.99911771227908,3.57655026914002,4.18661983833127,6.8501261661455,4,0
3,50,36,1,7,39,3,3,0,1,3,0,1,1,0,13.15,0,33.6,16.25,0,665.4,0,1651.9,745,0,1,0,0,1,0,0,0,0,1,2.57642175862377, ,3.51452606696916,2.78809290877575, ,3.66356164612965,2,1
